,STATION,DATE,ENTRIES,EXITS
0,59 ST,03/27/2021,12185,17655
1,59 ST,03/28/2021,7101,10366
2,59 ST,03/29/2021,18765,22975
3,59 ST,03/30/2021,19969,24693
4,59 ST,03/31/2021,19258,23460
5,59 ST,04/01/2021,18853,23777
6,59 ST,04/02/2021,14738,16385
7,5 AV/59 ST,03/27/2021,3301,3916
8,5 AV/59 ST,03/28/2021,1226,1463
9,5 AV/59 ST,03/29/2021,4032,4169
10,5 AV/59 ST,03/30/2021,4614,4884
11,5 AV/59 ST,03/31/2021,3976,3806
12,5 AV/59 ST,04/01/2021,4067,4084
13,5 AV/59 ST,04/02/2021,3266,3584
14,57 ST-7 AV,03/27/2021,3926,4822
15,57 ST-7 AV,03/28/2021,2188,2660
16,57 ST-7 AV,03/29/2021,5740,5920
17,57 ST-7 AV,03/30/2021,6167,6721
18,57 ST-7 AV,03/31/2021,6171,6436
19,57 ST-7 AV,04/01/2021,5945,6718
20,57 ST-7 AV,04/02/2021,5529,6247
21,49 ST,03/27/2021,2448,3985
22,49 ST,03/28/2021,1453,2493
23,49 ST,03/29/2021,2896,4286
24,49 ST,03/30/2021,3107,4462
25,49 ST,03/31/2021,3004,4410
26,49 ST,04/01/2021,3052,4686
27,49 ST,04/02/2021,2913,4415
28,TIMES SQ-42 ST,03/27/2021,11328,16515
29,TIMES SQ-42 ST,03/28/2021,6345,9051
30,TIMES SQ-42 ST,03/29/2021,15601,20070
31,TIMES SQ-42 ST,03/30/2021,17216,22537
32,TIMES SQ-42 ST,03/31/2021,16527,21398
33,TIMES SQ-42 ST,04/01/2021,16365,22071
34,TIMES SQ-42 ST,04/02/2021,14666,20259
35,34 ST-HERALD SQ,03/27/2021,17416,25825
36,34 ST-HERALD SQ,03/28/2021,9984,14612
37,34 ST-HERALD SQ,03/29/2021,24798,32466
38,34 ST-HERALD SQ,03/30/2021,27159,36002
39,34 ST-HERALD SQ,03/31/2021,26438,34003
40,34 ST-HERALD SQ,04/01/2021,26274,34618
41,34 ST-HERALD SQ,04/02/2021,24874,34736
42,28 ST,03/27/2021,5615,10064
43,28 ST,03/28/2021,3347,5714
44,28 ST,03/29/2021,9208,13161
45,28 ST,03/30/2021,9985,14110
46,28 ST,03/31/2021,9966,14149
47,28 ST,04/01/2021,10069,14571
48,28 ST,04/02/2021,9409,14110
49,23 ST,03/27/2021,13137,17032
50,23 ST,03/28/2021,7477,10136
51,23 ST,03/29/2021,21050,24175
52,23 ST,03/30/2021,22827,26378
53,23 ST,03/31/2021,22032,25561
54,23 ST,04/01/2021,22659,26440
55,23 ST,04/02/2021,21327,26134
56,14 ST-UNION SQ,03/27/2021,17589,25264
57,14 ST-UNION SQ,03/28/2021,9124,13542
58,14 ST-UNION SQ,03/29/2021,20542,27722
59,14 ST-UNION SQ,03/30/2021,21324,30037
60,14 ST-UNION SQ,03/31/2021,21029,28277
61,14 ST-UNION SQ,04/01/2021,20345,28462
62,14 ST-UNION SQ,04/02/2021,20542,30658
63,8 ST-NYU,03/27/2021,2369,3767
64,8 ST-NYU,03/28/2021,1289,2130
65,8 ST-NYU,03/29/2021,2215,2645
66,8 ST-NYU,03/30/2021,2319,2834
67,8 ST-NYU,03/31/2021,2292,2571
68,8 ST-NYU,04/01/2021,2380,2904
69,8 ST-NYU,04/02/2021,2465,3150
70,PRINCE ST,03/27/2021,2925,5335
71,PRINCE ST,03/28/2021,1573,2902
72,PRINCE ST,03/29/2021,2207,3210
73,PRINCE ST,03/30/2021,2314,3429
74,PRINCE ST,03/31/2021,2111,3147
75,PRINCE ST,04/01/2021,2370,3625
76,PRINCE ST,04/02/2021,2693,4100
77,CANAL ST,03/27/2021,11596,16155
78,CANAL ST,03/28/2021,6909,8989
79,CANAL ST,03/29/2021,14862,17456
80,CANAL ST,03/30/2021,15441,18437
81,CANAL ST,03/31/2021,14597,17089
82,CANAL ST,04/01/2021,14441,18150
83,CANAL ST,04/02/2021,14564,18291
84,CITY HALL,03/27/2021,498,512
85,CITY HALL,03/28/2021,252,209
86,CITY HALL,03/29/2021,1061,707
87,CITY HALL,03/30/2021,1144,893
88,CITY HALL,03/31/2021,1118,799
89,CITY HALL,04/01/2021,983,804
90,CITY HALL,04/02/2021,946,686
91,CORTLANDT ST,03/27/2021,2636,2762
92,CORTLANDT ST,03/28/2021,1198,2287
93,CORTLANDT ST,03/29/2021,3095,3897
94,CORTLANDT ST,03/30/2021,3198,3863
95,CORTLANDT ST,03/31/2021,3008,3549
96,CORTLANDT ST,04/01/2021,3453,3682
97,CORTLANDT ST,04/02/2021,3550,3351
98,RECTOR ST,03/27/2021,1224,1032
99,RECTOR ST,03/28/2021,753,541
100,RECTOR ST,03/29/2021,2246,1732
101,RECTOR ST,03/30/2021,2422,1881
102,RECTOR ST,03/31/2021,2358,1862
103,RECTOR ST,04/01/2021,2321,1822
104,RECTOR ST,04/02/2021,2171,1665
105,WHITEHALL S-FRY,03/27/2021,2167,2703
106,WHITEHALL S-FRY,03/28/2021,1119,1376
107,WHITEHALL S-FRY,03/29/2021,3328,4123
108,WHITEHALL S-FRY,03/30/2021,3996,4733
109,WHITEHALL S-FRY,03/31/2021,3357,4100
110,WHITEHALL S-FRY,04/01/2021,3496,4050
111,WHITEHALL S-FRY,04/02/2021,3091,3809
112,DELANCEY/ESSEX,03/27/2021,6433,9281
113,DELANCEY/ESSEX,03/28/2021,3950,5694
114,DELANCEY/ESSEX,03/29/2021,6115,7037
115,DELANCEY/ESSEX,03/30/2021,6680,7847
116,DELANCEY/ESSEX,03/31/2021,6369,7446
117,DELANCEY/ESSEX,04/01/2021,6859,7932
118,DELANCEY/ESSEX,04/02/2021,6789,8424
119,BOWERY,03/27/2021,950,2019
120,BOWERY,03/28/2021,591,1474
121,BOWERY,03/29/2021,758,1439
122,BOWERY,03/30/2021,720,1541
123,BOWERY,03/31/2021,687,1281
124,BOWERY,04/01/2021,738,1390
125,BOWERY,04/02/2021,774,1509
126,CHAMBERS ST,03/27/2021,5059,8835
127,CHAMBERS ST,03/28/2021,2870,4568
128,CHAMBERS ST,03/29/2021,8844,10518
129,CHAMBERS ST,03/30/2021,9561,11215
130,CHAMBERS ST,03/31/2021,9045,10268
131,CHAMBERS ST,04/01/2021,8872,10457
132,CHAMBERS ST,04/02/2021,7490,9891
133,FULTON ST,03/27/2021,13027,17838
134,FULTON ST,03/28/2021,6878,10257
135,FULTON ST,03/29/2021,17420,22202
136,FULTON ST,03/30/2021,18860,23876
137,FULTON ST,03/31/2021,17957,23430
138,FULTON ST,04/01/2021,18182,23322
139,FULTON ST,04/02/2021,16852,21559
140,BROAD ST,03/27/2021,576,482
141,BROAD ST,03/28/2021,307,363
142,BROAD ST,03/29/2021,1272,726
143,BROAD ST,03/30/2021,1414,771
144,BROAD ST,03/31/2021,1366,761
145,BROAD ST,04/01/2021,1239,792
146,BROAD ST,04/02/2021,1141,697
147,7 AV,03/27/2021,5069,6246
148,7 AV,03/28/2021,2907,3732
149,7 AV,03/29/2021,7113,8836
150,7 AV,03/30/2021,7753,9694
151,7 AV,03/31/2021,7596,9580
152,7 AV,04/01/2021,7851,9632
153,7 AV,04/02/2021,7149,9156
154,PARK PLACE,03/27/2021,561,930
155,PARK PLACE,03/28/2021,351,632
156,PARK PLACE,03/29/2021,905,1244
157,PARK PLACE,03/30/2021,1031,1268
158,PARK PLACE,03/31/2021,958,1213
159,PARK PLACE,04/01/2021,944,1256
160,PARK PLACE,04/02/2021,835,1136
161,BOTANIC GARDEN,03/27/2021,299,747
162,BOTANIC GARDEN,03/28/2021,163,426
163,BOTANIC GARDEN,03/29/2021,308,594
164,BOTANIC GARDEN,03/30/2021,349,682
165,BOTANIC GARDEN,03/31/2021,343,681
166,BOTANIC GARDEN,04/01/2021,325,633
167,BOTANIC GARDEN,04/02/2021,301,688
168,PROSPECT PARK,03/27/2021,3125,3426
169,PROSPECT PARK,03/28/2021,1684,1805
170,PROSPECT PARK,03/29/2021,2879,3268
171,PROSPECT PARK,03/30/2021,3294,3868
172,PROSPECT PARK,03/31/2021,2991,3500
173,PROSPECT PARK,04/01/2021,3038,3343
174,PROSPECT PARK,04/02/2021,3006,3338
175,PARKSIDE AV,03/27/2021,1113,1433
176,PARKSIDE AV,03/28/2021,692,1064
177,PARKSIDE AV,03/29/2021,2165,2023
178,PARKSIDE AV,03/30/2021,2325,2061
179,PARKSIDE AV,03/31/2021,2095,1869
180,PARKSIDE AV,04/01/2021,2052,1888
181,PARKSIDE AV,04/02/2021,2138,1872
182,CHURCH AV,03/27/2021,10592,7742
183,CHURCH AV,03/28/2021,6909,5121
184,CHURCH AV,03/29/2021,13002,10133
185,CHURCH AV,03/30/2021,14114,10840
186,CHURCH AV,03/31/2021,13383,10366
187,CHURCH AV,04/01/2021,13630,10424
188,CHURCH AV,04/02/2021,12698,9679
189,BEVERLEY ROAD,03/27/2021,564,826
190,BEVERLEY ROAD,03/28/2021,405,610
191,BEVERLEY ROAD,03/29/2021,1110,1117
192,BEVERLEY ROAD,03/30/2021,1156,1142
193,BEVERLEY ROAD,03/31/2021,1111,1053
194,BEVERLEY ROAD,04/01/2021,1082,1051
195,BEVERLEY ROAD,04/02/2021,1072,1041
196,CORTELYOU RD,03/27/2021,1309,471
197,CORTELYOU RD,03/28/2021,861,525
198,CORTELYOU RD,03/29/2021,1989,839
199,CORTELYOU RD,03/30/2021,2095,855
200,CORTELYOU RD,03/31/2021,2085,768
201,CORTELYOU RD,04/01/2021,2058,775
202,CORTELYOU RD,04/02/2021,1991,827
203,NEWKIRK PLAZA,03/27/2021,3096,3021
204,NEWKIRK PLAZA,03/28/2021,1950,1915
205,NEWKIRK PLAZA,03/29/2021,3827,3899
206,NEWKIRK PLAZA,03/30/2021,4302,4431
207,NEWKIRK PLAZA,03/31/2021,3981,3981
208,NEWKIRK PLAZA,04/01/2021,3994,3976
209,NEWKIRK PLAZA,04/02/2021,3786,3722
210,AVENUE H,03/27/2021,814,664
211,AVENUE H,03/28/2021,722,467
212,AVENUE H,03/29/2021,909,802
213,AVENUE H,03/30/2021,897,846
214,AVENUE H,03/31/2021,888,817
215,AVENUE H,04/01/2021,957,801
216,AVENUE H,04/02/2021,880,750
217,AVENUE J,03/27/2021,1242,838
218,AVENUE J,03/28/2021,955,864
219,AVENUE J,03/29/2021,1888,1430
220,AVENUE J,03/30/2021,2297,1736
221,AVENUE J,03/31/2021,2262,1721
222,AVENUE J,04/01/2021,2247,1658
223,AVENUE J,04/02/2021,2088,1510
224,AVENUE M,03/27/2021,1062,325
225,AVENUE M,03/28/2021,770,484
226,AVENUE M,03/29/2021,1575,784
227,AVENUE M,03/30/2021,2141,1051
228,AVENUE M,03/31/2021,1966,1040
229,AVENUE M,04/01/2021,1987,987
230,AVENUE M,04/02/2021,1822,851
231,KINGS HWY,03/27/2021,7296,7289
232,KINGS HWY,03/28/2021,5013,4998
233,KINGS HWY,03/29/2021,10459,10383
234,KINGS HWY,03/30/2021,11693,11683
235,KINGS HWY,03/31/2021,11197,11100
236,KINGS HWY,04/01/2021,11007,10878
237,KINGS HWY,04/02/2021,10400,10094
238,AVENUE U,03/27/2021,3428,2211
239,AVENUE U,03/28/2021,2517,1608
240,AVENUE U,03/29/2021,4858,2837
241,AVENUE U,03/30/2021,5106,2918
242,AVENUE U,03/31/2021,4946,2951
243,AVENUE U,04/01/2021,5004,2913
244,AVENUE U,04/02/2021,4737,2817
245,NECK RD,03/27/2021,1010,255
246,NECK RD,03/28/2021,630,228
247,NECK RD,03/29/2021,1334,435
248,NECK RD,03/30/2021,1548,431
249,NECK RD,03/31/2021,1459,447
250,NECK RD,04/01/2021,1461,397
251,NECK RD,04/02/2021,1433,346
252,SHEEPSHEAD BAY,03/27/2021,2916,3422
253,SHEEPSHEAD BAY,03/28/2021,1742,2102
254,SHEEPSHEAD BAY,03/29/2021,4743,5234
255,SHEEPSHEAD BAY,03/30/2021,5188,5878
256,SHEEPSHEAD BAY,03/31/2021,4943,5553
257,SHEEPSHEAD BAY,04/01/2021,4781,5260
258,SHEEPSHEAD BAY,04/02/2021,4534,5140
259,BRIGHTON BEACH,03/27/2021,3162,2514
260,BRIGHTON BEACH,03/28/2021,2055,1505
261,BRIGHTON BEACH,03/29/2021,4172,3349
262,BRIGHTON BEACH,03/30/2021,4448,3675
263,BRIGHTON BEACH,03/31/2021,4200,3380
264,BRIGHTON BEACH,04/01/2021,4228,3300
265,BRIGHTON BEACH,04/02/2021,4177,3286
266,OCEAN PKWY,03/27/2021,1063,810
267,OCEAN PKWY,03/28/2021,615,488
268,OCEAN PKWY,03/29/2021,1179,639
269,OCEAN PKWY,03/30/2021,1353,849
270,OCEAN PKWY,03/31/2021,1198,730
271,OCEAN PKWY,04/01/2021,1258,756
272,OCEAN PKWY,04/02/2021,1157,742
273,BOROUGH HALL,03/27/2021,3866,4459
274,BOROUGH HALL,03/28/2021,1853,2445
275,BOROUGH HALL,03/29/2021,6821,6263
276,BOROUGH HALL,03/30/2021,7804,7140
277,BOROUGH HALL,03/31/2021,7456,6844
278,BOROUGH HALL,04/01/2021,7211,6885
279,BOROUGH HALL,04/02/2021,6468,6149
280,JAY ST-METROTEC,03/27/2021,5032,5549
281,JAY ST-METROTEC,03/28/2021,2652,3216
282,JAY ST-METROTEC,03/29/2021,7862,7948
283,JAY ST-METROTEC,03/30/2021,8591,8820
284,JAY ST-METROTEC,03/31/2021,8082,8621
285,JAY ST-METROTEC,04/01/2021,8244,8599
286,JAY ST-METROTEC,04/02/2021,7720,8199
287,DEKALB AV,03/27/2021,7052,4423
288,DEKALB AV,03/28/2021,4162,2701
289,DEKALB AV,03/29/2021,8946,5692
290,DEKALB AV,03/30/2021,9827,6175
291,DEKALB AV,03/31/2021,9250,5944
292,DEKALB AV,04/01/2021,9601,6044
293,DEKALB AV,04/02/2021,9059,5690
294,ATL AV-BARCLAY,03/27/2021,9291,14333
295,ATL AV-BARCLAY,03/28/2021,5990,8914
296,ATL AV-BARCLAY,03/29/2021,10994,15231
297,ATL AV-BARCLAY,03/30/2021,11900,15749
298,ATL AV-BARCLAY,03/31/2021,11496,15697
299,ATL AV-BARCLAY,04/01/2021,11382,15381
300,ATL AV-BARCLAY,04/02/2021,11009,15027
301,UNION ST,03/27/2021,1379,1856
302,UNION ST,03/28/2021,846,1352
303,UNION ST,03/29/2021,1782,2249
304,UNION ST,03/30/2021,1901,2332
305,UNION ST,03/31/2021,1861,2319
306,UNION ST,04/01/2021,1850,2399
307,UNION ST,04/02/2021,1751,2309
308,4AV-9 ST,03/27/2021,1683,2288
309,4AV-9 ST,03/28/2021,1026,1514
310,4AV-9 ST,03/29/2021,2168,2620
311,4AV-9 ST,03/30/2021,2384,2680
312,4AV-9 ST,03/31/2021,2348,2559
313,4AV-9 ST,04/01/2021,2331,2609
314,4AV-9 ST,04/02/2021,2224,2541
315,PROSPECT AV,03/27/2021,3093,2463
316,PROSPECT AV,03/28/2021,1963,1649
317,PROSPECT AV,03/29/2021,4130,3039
318,PROSPECT AV,03/30/2021,4392,3171
319,PROSPECT AV,03/31/2021,4256,3094
320,PROSPECT AV,04/01/2021,4389,3136
321,PROSPECT AV,04/02/2021,3980,2861
322,25 ST,03/27/2021,1009,1253
323,25 ST,03/28/2021,699,906
324,25 ST,03/29/2021,1316,1581
325,25 ST,03/30/2021,1486,1693
326,25 ST,03/31/2021,1357,1585
327,25 ST,04/01/2021,1367,1531
328,25 ST,04/02/2021,1340,1576
329,36 ST,03/27/2021,4298,4582
330,36 ST,03/28/2021,2696,2708
331,36 ST,03/29/2021,6043,5268
332,36 ST,03/30/2021,6416,5599
333,36 ST,03/31/2021,6350,5287
334,36 ST,04/01/2021,6393,5350
335,36 ST,04/02/2021,5739,5125
336,45 ST,03/27/2021,2313,1761
337,45 ST,03/28/2021,1531,1380
338,45 ST,03/29/2021,2887,2174
339,45 ST,03/30/2021,2759,2097
340,45 ST,03/31/2021,2888,2023
341,45 ST,04/01/2021,2833,2044
342,45 ST,04/02/2021,2551,1929
343,53 ST,03/27/2021,2661,2869
344,53 ST,03/28/2021,1804,2136
345,53 ST,03/29/2021,3581,4263
346,53 ST,03/30/2021,3781,4408
347,53 ST,03/31/2021,3613,4309
348,53 ST,04/01/2021,3664,4354
349,53 ST,04/02/2021,3460,3974
350,BAY RIDGE AV,03/27/2021,1958,2040
351,BAY RIDGE AV,03/28/2021,1209,1443
352,BAY RIDGE AV,03/29/2021,2655,2877
353,BAY RIDGE AV,03/30/2021,2689,3015
354,BAY RIDGE AV,03/31/2021,2625,3033
355,BAY RIDGE AV,04/01/2021,2606,2926
356,BAY RIDGE AV,04/02/2021,2502,2731
357,77 ST,03/27/2021,5920,7996
358,77 ST,03/28/2021,3355,4736
359,77 ST,03/29/2021,9826,12189
360,77 ST,03/30/2021,10693,12471
361,77 ST,03/31/2021,10374,12063
362,77 ST,04/01/2021,10724,12665
363,77 ST,04/02/2021,9256,11161
364,86 ST,03/27/2021,16359,24334
365,86 ST,03/28/2021,9905,15189
366,86 ST,03/29/2021,23856,28520
367,86 ST,03/30/2021,24676,29789
368,86 ST,03/31/2021,24051,29079
369,86 ST,04/01/2021,25084,30100
370,86 ST,04/02/2021,22728,28442
371,BAY RIDGE-95 ST,03/27/2021,1142,929
372,BAY RIDGE-95 ST,03/28/2021,726,617
373,BAY RIDGE-95 ST,03/29/2021,1950,1401
374,BAY RIDGE-95 ST,03/30/2021,2111,1559
375,BAY RIDGE-95 ST,03/31/2021,2013,1475
376,BAY RIDGE-95 ST,04/01/2021,1988,1495
377,BAY RIDGE-95 ST,04/02/2021,1805,1336
378,8 AV,03/27/2021,7587,9238
379,8 AV,03/28/2021,4847,5838
380,8 AV,03/29/2021,9117,9679
381,8 AV,03/30/2021,9492,10138
382,8 AV,03/31/2021,8899,9722
383,8 AV,04/01/2021,8828,9628
384,8 AV,04/02/2021,8042,9380
385,FT HAMILTON PKY,03/27/2021,3415,2116
386,FT HAMILTON PKY,03/28/2021,2335,1443
387,FT HAMILTON PKY,03/29/2021,5006,2814
388,FT HAMILTON PKY,03/30/2021,5724,3420
389,FT HAMILTON PKY,03/31/2021,5452,3054
390,FT HAMILTON PKY,04/01/2021,5374,3197
391,FT HAMILTON PKY,04/02/2021,5054,2860
392,NEW UTRECHT AV,03/27/2021,1338,1292
393,NEW UTRECHT AV,03/28/2021,902,845
394,NEW UTRECHT AV,03/29/2021,1870,1621
395,NEW UTRECHT AV,03/30/2021,1933,1852
396,NEW UTRECHT AV,03/31/2021,1911,1736
397,NEW UTRECHT AV,04/01/2021,1911,1749
398,NEW UTRECHT AV,04/02/2021,1765,1652
399,18 AV,03/27/2021,3756,2609
400,18 AV,03/28/2021,2656,1864
401,18 AV,03/29/2021,5580,3836
402,18 AV,03/30/2021,6141,4488
403,18 AV,03/31/2021,5727,4015
404,18 AV,04/01/2021,5554,4108
405,18 AV,04/02/2021,5348,3664
406,20 AV,03/27/2021,2345,1305
407,20 AV,03/28/2021,1509,893
408,20 AV,03/29/2021,3128,1835
409,20 AV,03/30/2021,3226,1946
410,20 AV,03/31/2021,3150,1724
411,20 AV,04/01/2021,3147,1821
412,20 AV,04/02/2021,3036,1743
413,BAY PKWY,03/27/2021,4342,3881
414,BAY PKWY,03/28/2021,2834,2603
415,BAY PKWY,03/29/2021,5791,5222
416,BAY PKWY,03/30/2021,6271,5643
417,BAY PKWY,03/31/2021,5989,5129
418,BAY PKWY,04/01/2021,5968,5210
419,BAY PKWY,04/02/2021,5724,4992
420,9 AV,03/27/2021,1476,1606
421,9 AV,03/28/2021,1057,1166
422,9 AV,03/29/2021,2003,2066
423,9 AV,03/30/2021,2163,2202
424,9 AV,03/31/2021,2080,2286
425,9 AV,04/01/2021,2085,2010
426,9 AV,04/02/2021,1944,1865
427,50 ST,03/27/2021,3759,4768
428,50 ST,03/28/2021,2378,3269
429,50 ST,03/29/2021,6798,8354
430,50 ST,03/30/2021,7958,9661
431,50 ST,03/31/2021,7686,9391
432,50 ST,04/01/2021,8031,9718
433,50 ST,04/02/2021,4587,5287
434,55 ST,03/27/2021,357,201
435,55 ST,03/28/2021,297,167
436,55 ST,03/29/2021,523,283
437,55 ST,03/30/2021,1018,641
438,55 ST,03/31/2021,841,489
439,55 ST,04/01/2021,866,463
440,55 ST,04/02/2021,740,401
441,71 ST,03/27/2021,1329,512
442,71 ST,03/28/2021,874,329
443,71 ST,03/29/2021,1754,671
444,71 ST,03/30/2021,1945,745
445,71 ST,03/31/2021,1841,692
446,71 ST,04/01/2021,1813,589
447,71 ST,04/02/2021,1760,617
448,79 ST,03/27/2021,3969,2413
449,79 ST,03/28/2021,2630,1854
450,79 ST,03/29/2021,5626,3645
451,79 ST,03/30/2021,6066,3925
452,79 ST,03/31/2021,5876,3782
453,79 ST,04/01/2021,6174,3996
454,79 ST,04/02/2021,5680,3628
455,25 AV,03/27/2021,1028,335
456,25 AV,03/28/2021,730,232
457,25 AV,03/29/2021,1503,460
458,25 AV,03/30/2021,1646,448
459,25 AV,03/31/2021,1540,421
460,25 AV,04/01/2021,1492,387
461,25 AV,04/02/2021,1465,425
462,BAY 50 ST,03/27/2021,662,140
463,BAY 50 ST,03/28/2021,421,97
464,BAY 50 ST,03/29/2021,904,175
465,BAY 50 ST,03/30/2021,941,150
466,BAY 50 ST,03/31/2021,845,168
467,BAY 50 ST,04/01/2021,868,143
468,BAY 50 ST,04/02/2021,835,161
469,CONEY IS-STILLW,03/27/2021,4404,4811
470,CONEY IS-STILLW,03/28/2021,2518,2807
471,CONEY IS-STILLW,03/29/2021,4751,4915
472,CONEY IS-STILLW,03/30/2021,6115,5779
473,CONEY IS-STILLW,03/31/2021,5146,5118
474,CONEY IS-STILLW,04/01/2021,4936,5057
475,CONEY IS-STILLW,04/02/2021,4822,4834
476,W 8 ST-AQUARIUM,03/27/2021,563,599
477,W 8 ST-AQUARIUM,03/28/2021,268,315
478,W 8 ST-AQUARIUM,03/29/2021,807,810
479,W 8 ST-AQUARIUM,03/30/2021,1134,1179
480,W 8 ST-AQUARIUM,03/31/2021,940,861
481,W 8 ST-AQUARIUM,04/01/2021,874,759
482,W 8 ST-AQUARIUM,04/02/2021,860,790
483,6 AV,03/27/2021,1120,992
484,6 AV,03/28/2021,576,735
485,6 AV,03/29/2021,1012,862
486,6 AV,03/30/2021,1196,961
487,6 AV,03/31/2021,1086,929
488,6 AV,04/01/2021,1169,934
489,6 AV,04/02/2021,1089,995
490,3 AV,03/27/2021,1235,2056
491,3 AV,03/28/2021,803,1270
492,3 AV,03/29/2021,1495,1959
493,3 AV,03/30/2021,1564,2126
494,3 AV,03/31/2021,1576,2081
495,3 AV,04/01/2021,1534,2242
496,3 AV,04/02/2021,1519,2305
497,1 AV,03/27/2021,4620,7566
498,1 AV,03/28/2021,2869,5004
499,1 AV,03/29/2021,5149,8659
500,1 AV,03/30/2021,5527,9315
501,1 AV,03/31/2021,5392,9231
502,1 AV,04/01/2021,5682,7796
503,1 AV,04/02/2021,5549,8035
504,BEDFORD AV,03/27/2021,6507,12539
505,BEDFORD AV,03/28/2021,3372,6084
506,BEDFORD AV,03/29/2021,5463,8868
507,BEDFORD AV,03/30/2021,5950,9684
508,BEDFORD AV,03/31/2021,5732,9083
509,BEDFORD AV,04/01/2021,5805,9709
510,BEDFORD AV,04/02/2021,6017,10312
511,LORIMER ST,03/27/2021,1568,1359
512,LORIMER ST,03/28/2021,1202,1086
513,LORIMER ST,03/29/2021,2339,1900
514,LORIMER ST,03/30/2021,2756,2111
515,LORIMER ST,03/31/2021,2604,2073
516,LORIMER ST,04/01/2021,2821,2193
517,LORIMER ST,04/02/2021,2657,2246
518,GRAHAM AV,03/27/2021,1816,2038
519,GRAHAM AV,03/28/2021,1030,1311
520,GRAHAM AV,03/29/2021,2325,2638
521,GRAHAM AV,03/30/2021,2420,2677
522,GRAHAM AV,03/31/2021,2407,2759
523,GRAHAM AV,04/01/2021,2275,1809
524,GRAHAM AV,04/02/2021,2394,2729
525,GRAND ST,03/27/2021,8360,11592
526,GRAND ST,03/28/2021,5366,7354
527,GRAND ST,03/29/2021,9139,10544
528,GRAND ST,03/30/2021,9466,10921
529,GRAND ST,03/31/2021,8946,10534
530,GRAND ST,04/01/2021,8674,10522
531,GRAND ST,04/02/2021,9240,11226
532,MONTROSE AV,03/27/2021,1528,1771
533,MONTROSE AV,03/28/2021,1030,1176
534,MONTROSE AV,03/29/2021,1793,1894
535,MONTROSE AV,03/30/2021,1964,1983
536,MONTROSE AV,03/31/2021,1866,2052
537,MONTROSE AV,04/01/2021,1945,2089
538,MONTROSE AV,04/02/2021,1829,1929
539,MORGAN AV,03/27/2021,1635,1708
540,MORGAN AV,03/28/2021,924,1102
541,MORGAN AV,03/29/2021,1787,1854
542,MORGAN AV,03/30/2021,1866,1960
543,MORGAN AV,03/31/2021,1809,1908
544,MORGAN AV,04/01/2021,1836,1992
545,MORGAN AV,04/02/2021,1913,2033
546,JEFFERSON ST,03/27/2021,1726,688
547,JEFFERSON ST,03/28/2021,990,416
548,JEFFERSON ST,03/29/2021,2023,751
549,JEFFERSON ST,03/30/2021,2098,821
550,JEFFERSON ST,03/31/2021,2154,855
551,JEFFERSON ST,04/01/2021,2085,841
552,JEFFERSON ST,04/02/2021,2033,828
553,MYRTLE-WYCKOFF,03/27/2021,5906,4872
554,MYRTLE-WYCKOFF,03/28/2021,3526,3718
555,MYRTLE-WYCKOFF,03/29/2021,6966,5592
556,MYRTLE-WYCKOFF,03/30/2021,7136,4845
557,MYRTLE-WYCKOFF,03/31/2021,7134,5856
558,MYRTLE-WYCKOFF,04/01/2021,7337,5044
559,MYRTLE-WYCKOFF,04/02/2021,6839,5701
560,HALSEY ST,03/27/2021,3364,2695
561,HALSEY ST,03/28/2021,2111,1761
562,HALSEY ST,03/29/2021,4236,3118
563,HALSEY ST,03/30/2021,4697,3322
564,HALSEY ST,03/31/2021,4455,3162
565,HALSEY ST,04/01/2021,4593,3265
566,HALSEY ST,04/02/2021,4313,2972
567,WILSON AV,03/27/2021,1360,1403
568,WILSON AV,03/28/2021,995,938
569,WILSON AV,03/29/2021,1725,1709
570,WILSON AV,03/30/2021,1729,1675
571,WILSON AV,03/31/2021,1755,1638
572,WILSON AV,04/01/2021,1665,1442
573,WILSON AV,04/02/2021,1645,1480
574,BUSHWICK AV,03/27/2021,634,602
575,BUSHWICK AV,03/28/2021,408,394
576,BUSHWICK AV,03/29/2021,753,647
577,BUSHWICK AV,03/30/2021,800,695
578,BUSHWICK AV,03/31/2021,770,650
579,BUSHWICK AV,04/01/2021,742,646
580,BUSHWICK AV,04/02/2021,761,672
581,ATLANTIC AV,03/27/2021,0,5
582,ATLANTIC AV,03/28/2021,1,1
583,ATLANTIC AV,03/29/2021,612,351
584,ATLANTIC AV,03/30/2021,669,411
585,ATLANTIC AV,03/31/2021,700,379
586,ATLANTIC AV,04/01/2021,665,374
587,ATLANTIC AV,04/02/2021,591,346
588,SUTTER AV,03/27/2021,1,4
589,SUTTER AV,03/28/2021,0,2
590,SUTTER AV,03/29/2021,1360,1702
591,SUTTER AV,03/30/2021,1485,1853
592,SUTTER AV,03/31/2021,1445,1799
593,SUTTER AV,04/01/2021,1334,1775
594,SUTTER AV,04/02/2021,1241,1655
595,LIVONIA AV,03/27/2021,32,110
596,LIVONIA AV,03/28/2021,12,7
597,LIVONIA AV,03/29/2021,832,1012
598,LIVONIA AV,03/30/2021,887,1028
599,LIVONIA AV,03/31/2021,765,1024
600,LIVONIA AV,04/01/2021,777,930
601,LIVONIA AV,04/02/2021,650,861
602,NEW LOTS,03/27/2021,0,1
603,NEW LOTS,03/28/2021,0,0
604,NEW LOTS,03/29/2021,1465,2029
605,NEW LOTS,03/30/2021,1653,2268
606,NEW LOTS,03/31/2021,1703,2150
607,NEW LOTS,04/01/2021,1584,2070
608,NEW LOTS,04/02/2021,1535,1896
609,EAST 105 ST,03/27/2021,2,24
610,EAST 105 ST,03/28/2021,0,0
611,EAST 105 ST,03/29/2021,1176,1464
612,EAST 105 ST,03/30/2021,1221,1612
613,EAST 105 ST,03/31/2021,1186,1577
614,EAST 105 ST,04/01/2021,1187,1524
615,EAST 105 ST,04/02/2021,1071,1374
616,CANARSIE-ROCKAW,03/27/2021,39,781
617,CANARSIE-ROCKAW,03/28/2021,2,335
618,CANARSIE-ROCKAW,03/29/2021,2704,1601
619,CANARSIE-ROCKAW,03/30/2021,3009,1740
620,CANARSIE-ROCKAW,03/31/2021,2776,1680
621,CANARSIE-ROCKAW,04/01/2021,2829,1761
622,CANARSIE-ROCKAW,04/02/2021,2645,1631
623,HOWARD BCH JFK,03/27/2021,1046,416
624,HOWARD BCH JFK,03/28/2021,926,402
625,HOWARD BCH JFK,03/29/2021,1205,472
626,HOWARD BCH JFK,03/30/2021,1194,496
627,HOWARD BCH JFK,03/31/2021,1163,473
628,HOWARD BCH JFK,04/01/2021,1202,497
629,HOWARD BCH JFK,04/02/2021,1149,513
630,JFK JAMAICA CT1,03/27/2021,1238,1745
631,JFK JAMAICA CT1,03/28/2021,1156,1781
632,JFK JAMAICA CT1,03/29/2021,1383,2112
633,JFK JAMAICA CT1,03/30/2021,1294,1941
634,JFK JAMAICA CT1,03/31/2021,1324,2229
635,JFK JAMAICA CT1,04/01/2021,1507,2494
636,JFK JAMAICA CT1,04/02/2021,1361,2474
637,MARCY AV,03/27/2021,2296,3743
638,MARCY AV,03/28/2021,1383,2370
639,MARCY AV,03/29/2021,3190,4259
640,MARCY AV,03/30/2021,3826,5090
641,MARCY AV,03/31/2021,3732,4793
642,MARCY AV,04/01/2021,3704,4902
643,MARCY AV,04/02/2021,3493,4607
644,HEWES ST,03/27/2021,644,771
645,HEWES ST,03/28/2021,376,522
646,HEWES ST,03/29/2021,758,897
647,HEWES ST,03/30/2021,857,1102
648,HEWES ST,03/31/2021,888,1106
649,HEWES ST,04/01/2021,917,1053
650,HEWES ST,04/02/2021,855,996
651,FLUSHING AV,03/27/2021,3311,2645
652,FLUSHING AV,03/28/2021,2276,1838
653,FLUSHING AV,03/29/2021,4524,3682
654,FLUSHING AV,03/30/2021,4922,4166
655,FLUSHING AV,03/31/2021,4789,3946
656,FLUSHING AV,04/01/2021,4938,4010
657,FLUSHING AV,04/02/2021,4614,3761
658,MYRTLE AV,03/27/2021,2427,1953
659,MYRTLE AV,03/28/2021,1542,1633
660,MYRTLE AV,03/29/2021,3024,2753
661,MYRTLE AV,03/30/2021,3256,2890
662,MYRTLE AV,03/31/2021,3114,2784
663,MYRTLE AV,04/01/2021,3179,2751
664,MYRTLE AV,04/02/2021,3130,2561
665,KOSCIUSZKO ST,03/27/2021,1523,991
666,KOSCIUSZKO ST,03/28/2021,981,751
667,KOSCIUSZKO ST,03/29/2021,1572,1013
668,KOSCIUSZKO ST,03/30/2021,1675,1021
669,KOSCIUSZKO ST,03/31/2021,1544,986
670,KOSCIUSZKO ST,04/01/2021,1589,1098
671,KOSCIUSZKO ST,04/02/2021,1618,1113
672,GATES AV,03/27/2021,1806,997
673,GATES AV,03/28/2021,1103,619
674,GATES AV,03/29/2021,2108,1135
675,GATES AV,03/30/2021,2240,1216
676,GATES AV,03/31/2021,2120,1162
677,GATES AV,04/01/2021,2274,1220
678,GATES AV,04/02/2021,2135,1106
679,CHAUNCEY ST,03/27/2021,1047,505
680,CHAUNCEY ST,03/28/2021,621,353
681,CHAUNCEY ST,03/29/2021,979,588
682,CHAUNCEY ST,03/30/2021,1196,680
683,CHAUNCEY ST,03/31/2021,1072,616
684,CHAUNCEY ST,04/01/2021,1068,621
685,CHAUNCEY ST,04/02/2021,1073,577
686,ALABAMA AV,03/27/2021,777,1009
687,ALABAMA AV,03/28/2021,416,610
688,ALABAMA AV,03/29/2021,874,1141
689,ALABAMA AV,03/30/2021,923,1238
690,ALABAMA AV,03/31/2021,990,1243
691,ALABAMA AV,04/01/2021,922,1176
692,ALABAMA AV,04/02/2021,854,1137
693,VAN SICLEN AV,03/27/2021,1608,1962
694,VAN SICLEN AV,03/28/2021,907,1239
695,VAN SICLEN AV,03/29/2021,2081,2491
696,VAN SICLEN AV,03/30/2021,2189,2616
697,VAN SICLEN AV,03/31/2021,2130,2516
698,VAN SICLEN AV,04/01/2021,1435,2220
699,VAN SICLEN AV,04/02/2021,1898,2319
700,CLEVELAND ST,03/27/2021,891,1198
701,CLEVELAND ST,03/28/2021,498,751
702,CLEVELAND ST,03/29/2021,1064,1578
703,CLEVELAND ST,03/30/2021,1115,1618
704,CLEVELAND ST,03/31/2021,1032,1505
705,CLEVELAND ST,04/01/2021,1137,1449
706,CLEVELAND ST,04/02/2021,1026,1381
707,NORWOOD AV,03/27/2021,776,1231
708,NORWOOD AV,03/28/2021,557,746
709,NORWOOD AV,03/29/2021,1137,1600
710,NORWOOD AV,03/30/2021,1183,1655
711,NORWOOD AV,03/31/2021,1174,1627
712,NORWOOD AV,04/01/2021,1148,1591
713,NORWOOD AV,04/02/2021,1022,1338
714,CRESCENT ST,03/27/2021,1375,1870
715,CRESCENT ST,03/28/2021,827,1145
716,CRESCENT ST,03/29/2021,1790,2492
717,CRESCENT ST,03/30/2021,1974,2625
718,CRESCENT ST,03/31/2021,1971,2503
719,CRESCENT ST,04/01/2021,1880,2541
720,CRESCENT ST,04/02/2021,1660,2312
721,CYPRESS HILLS,03/27/2021,485,357
722,CYPRESS HILLS,03/28/2021,310,231
723,CYPRESS HILLS,03/29/2021,636,470
724,CYPRESS HILLS,03/30/2021,683,459
725,CYPRESS HILLS,03/31/2021,643,452
726,CYPRESS HILLS,04/01/2021,652,462
727,CYPRESS HILLS,04/02/2021,532,369
728,75 ST-ELDERTS,03/27/2021,1022,579
729,75 ST-ELDERTS,03/28/2021,650,412
730,75 ST-ELDERTS,03/29/2021,1466,767
731,75 ST-ELDERTS,03/30/2021,1434,766
732,75 ST-ELDERTS,03/31/2021,1362,843
733,75 ST-ELDERTS,04/01/2021,1421,726
734,75 ST-ELDERTS,04/02/2021,1305,742
735,85 ST-FOREST PK,03/27/2021,1130,888
736,85 ST-FOREST PK,03/28/2021,720,556
737,85 ST-FOREST PK,03/29/2021,1598,1194
738,85 ST-FOREST PK,03/30/2021,1578,902
739,85 ST-FOREST PK,03/31/2021,1574,732
740,85 ST-FOREST PK,04/01/2021,1553,696
741,85 ST-FOREST PK,04/02/2021,1473,678
742,WOODHAVEN BLVD,03/27/2021,6871,6621
743,WOODHAVEN BLVD,03/28/2021,4069,4252
744,WOODHAVEN BLVD,03/29/2021,9294,8332
745,WOODHAVEN BLVD,03/30/2021,9814,8908
746,WOODHAVEN BLVD,03/31/2021,9573,8521
747,WOODHAVEN BLVD,04/01/2021,9386,8461
748,WOODHAVEN BLVD,04/02/2021,8739,8177
749,104 ST,03/27/2021,1116,629
750,104 ST,03/28/2021,678,484
751,104 ST,03/29/2021,1684,1075
752,104 ST,03/30/2021,1844,1096
753,104 ST,03/31/2021,1868,1075
754,104 ST,04/01/2021,1779,1033
755,104 ST,04/02/2021,1657,979
756,111 ST,03/27/2021,5478,3800
757,111 ST,03/28/2021,3545,2720
758,111 ST,03/29/2021,7258,4255
759,111 ST,03/30/2021,7716,4462
760,111 ST,03/31/2021,7411,4084
761,111 ST,04/01/2021,7502,4419
762,111 ST,04/02/2021,7066,4364
763,121 ST,03/27/2021,716,467
764,121 ST,03/28/2021,420,303
765,121 ST,03/29/2021,986,684
766,121 ST,03/30/2021,902,573
767,121 ST,03/31/2021,952,707
768,121 ST,04/01/2021,974,638
769,121 ST,04/02/2021,925,632
770,CENTRAL AV,03/27/2021,728,870
771,CENTRAL AV,03/28/2021,442,571
772,CENTRAL AV,03/29/2021,1165,1413
773,CENTRAL AV,03/30/2021,1249,1500
774,CENTRAL AV,03/31/2021,1177,1453
775,CENTRAL AV,04/01/2021,1249,1428
776,CENTRAL AV,04/02/2021,1180,1410
777,KNICKERBOCKER,03/27/2021,1099,1278
778,KNICKERBOCKER,03/28/2021,605,848
779,KNICKERBOCKER,03/29/2021,1375,1934
780,KNICKERBOCKER,03/30/2021,1409,1947
781,KNICKERBOCKER,03/31/2021,1443,1793
782,KNICKERBOCKER,04/01/2021,1352,1809
783,KNICKERBOCKER,04/02/2021,1331,1834
784,SENECA AVE,03/27/2021,635,728
785,SENECA AVE,03/28/2021,361,470
786,SENECA AVE,03/29/2021,991,1234
787,SENECA AVE,03/30/2021,1110,1191
788,SENECA AVE,03/31/2021,1091,1187
789,SENECA AVE,04/01/2021,1069,1272
790,SENECA AVE,04/02/2021,844,620
791,FOREST AVE,03/27/2021,884,840
792,FOREST AVE,03/28/2021,466,489
793,FOREST AVE,03/29/2021,1586,1551
794,FOREST AVE,03/30/2021,1766,1672
795,FOREST AVE,03/31/2021,1665,1625
796,FOREST AVE,04/01/2021,1699,1572
797,FOREST AVE,04/02/2021,1463,1348
798,FRESH POND RD,03/27/2021,1378,1717
799,FRESH POND RD,03/28/2021,783,926
800,FRESH POND RD,03/29/2021,2238,2671
801,FRESH POND RD,03/30/2021,2435,2911
802,FRESH POND RD,03/31/2021,2264,2707
803,FRESH POND RD,04/01/2021,2382,2757
804,FRESH POND RD,04/02/2021,2095,2437
805,METROPOLITAN AV,03/27/2021,3312,4138
806,METROPOLITAN AV,03/28/2021,1743,2090
807,METROPOLITAN AV,03/29/2021,3775,3992
808,METROPOLITAN AV,03/30/2021,3954,4060
809,METROPOLITAN AV,03/31/2021,3775,4053
810,METROPOLITAN AV,04/01/2021,3732,4063
811,METROPOLITAN AV,04/02/2021,3578,4008
812,INWOOD-207 ST,03/27/2021,2968,2106
813,INWOOD-207 ST,03/28/2021,2114,1972
814,INWOOD-207 ST,03/29/2021,3790,2776
815,INWOOD-207 ST,03/30/2021,3874,2825
816,INWOOD-207 ST,03/31/2021,3718,2704
817,INWOOD-207 ST,04/01/2021,3786,2797
818,INWOOD-207 ST,04/02/2021,2996,2091
819,DYCKMAN ST,03/27/2021,3569,1171
820,DYCKMAN ST,03/28/2021,2160,915
821,DYCKMAN ST,03/29/2021,4670,1746
822,DYCKMAN ST,03/30/2021,4879,1925
823,DYCKMAN ST,03/31/2021,4752,1776
824,DYCKMAN ST,04/01/2021,4812,1800
825,DYCKMAN ST,04/02/2021,4408,1676
826,190 ST,03/27/2021,847,215
827,190 ST,03/28/2021,458,98
828,190 ST,03/29/2021,956,161
829,190 ST,03/30/2021,988,149
830,190 ST,03/31/2021,953,115
831,190 ST,04/01/2021,929,167
832,190 ST,04/02/2021,911,153
833,181 ST,03/27/2021,3236,3734
834,181 ST,03/28/2021,1756,2345
835,181 ST,03/29/2021,3752,4765
836,181 ST,03/30/2021,4249,4921
837,181 ST,03/31/2021,4076,4703
838,181 ST,04/01/2021,4055,4712
839,181 ST,04/02/2021,3842,4340
840,175 ST,03/27/2021,3633,2884
841,175 ST,03/28/2021,2499,2139
842,175 ST,03/29/2021,4794,3729
843,175 ST,03/30/2021,4907,3795
844,175 ST,03/31/2021,4773,3837
845,175 ST,04/01/2021,4754,3680
846,175 ST,04/02/2021,4454,3571
847,168 ST,03/27/2021,5406,5713
848,168 ST,03/28/2021,3041,3621
849,168 ST,03/29/2021,8201,8712
850,168 ST,03/30/2021,9325,9859
851,168 ST,03/31/2021,8998,9459
852,168 ST,04/01/2021,9035,9673
853,168 ST,04/02/2021,8552,8953
854,163 ST-AMSTERDM,03/27/2021,1244,1480
855,163 ST-AMSTERDM,03/28/2021,731,1023
856,163 ST-AMSTERDM,03/29/2021,1353,1564
857,163 ST-AMSTERDM,03/30/2021,1553,1670
858,163 ST-AMSTERDM,03/31/2021,1389,1558
859,163 ST-AMSTERDM,04/01/2021,1402,1550
860,163 ST-AMSTERDM,04/02/2021,1413,1550
861,155 ST,03/27/2021,1875,1642
862,155 ST,03/28/2021,1130,1189
863,155 ST,03/29/2021,2192,1776
864,155 ST,03/30/2021,2350,1875
865,155 ST,03/31/2021,2297,1787
866,155 ST,04/01/2021,2372,1842
867,155 ST,04/02/2021,2247,1872
868,145 ST,03/27/2021,8694,9950
869,145 ST,03/28/2021,5415,6888
870,145 ST,03/29/2021,10845,11453
871,145 ST,03/30/2021,11394,11715
872,145 ST,03/31/2021,11131,11101
873,145 ST,04/01/2021,11336,11839
874,145 ST,04/02/2021,11176,11406
875,135 ST,03/27/2021,4334,3458
876,135 ST,03/28/2021,2599,2789
877,135 ST,03/29/2021,5696,4654
878,135 ST,03/30/2021,6038,4639
879,135 ST,03/31/2021,5863,4782
880,135 ST,04/01/2021,6124,4820
881,135 ST,04/02/2021,5931,4832
882,125 ST,03/27/2021,17554,23837
883,125 ST,03/28/2021,10623,15478
884,125 ST,03/29/2021,22967,28392
885,125 ST,03/30/2021,24348,29320
886,125 ST,03/31/2021,23464,27854
887,125 ST,04/01/2021,23772,28904
888,125 ST,04/02/2021,22908,28279
889,116 ST,03/27/2021,7948,7349
890,116 ST,03/28/2021,5090,5103
891,116 ST,03/29/2021,10160,9450
892,116 ST,03/30/2021,10796,9886
893,116 ST,03/31/2021,10595,9809
894,116 ST,04/01/2021,10004,9496
895,116 ST,04/02/2021,9629,9535
896,CATHEDRAL PKWY,03/27/2021,4143,3785
897,CATHEDRAL PKWY,03/28/2021,2441,2330
898,CATHEDRAL PKWY,03/29/2021,4912,4283
899,CATHEDRAL PKWY,03/30/2021,5320,4601
900,CATHEDRAL PKWY,03/31/2021,5049,4433
901,CATHEDRAL PKWY,04/01/2021,5100,4402
902,CATHEDRAL PKWY,04/02/2021,5012,4402
903,103 ST,03/27/2021,6388,6817
904,103 ST,03/28/2021,4014,4443
905,103 ST,03/29/2021,8841,9268
906,103 ST,03/30/2021,9776,9888
907,103 ST,03/31/2021,9538,9563
908,103 ST,04/01/2021,9733,9631
909,103 ST,04/02/2021,9121,9074
910,96 ST,03/27/2021,11301,13597
911,96 ST,03/28/2021,6992,9040
912,96 ST,03/29/2021,16905,18107
913,96 ST,03/30/2021,18443,19401
914,96 ST,03/31/2021,17997,19002
915,96 ST,04/01/2021,18089,19075
916,96 ST,04/02/2021,16711,17986
917,81 ST-MUSEUM,03/27/2021,2694,3288
918,81 ST-MUSEUM,03/28/2021,1666,2189
919,81 ST-MUSEUM,03/29/2021,2870,3490
920,81 ST-MUSEUM,03/30/2021,3262,4044
921,81 ST-MUSEUM,03/31/2021,3429,4030
922,81 ST-MUSEUM,04/01/2021,3400,4247
923,81 ST-MUSEUM,04/02/2021,3244,3924
924,72 ST,03/27/2021,9630,15256
925,72 ST,03/28/2021,5598,8711
926,72 ST,03/29/2021,11026,14329
927,72 ST,03/30/2021,12143,15451
928,72 ST,03/31/2021,11612,15147
929,72 ST,04/01/2021,11821,15153
930,72 ST,04/02/2021,11014,14741
931,59 ST COLUMBUS,03/27/2021,11063,15370
932,59 ST COLUMBUS,03/28/2021,5876,7921
933,59 ST COLUMBUS,03/29/2021,14202,15560
934,59 ST COLUMBUS,03/30/2021,15241,17400
935,59 ST COLUMBUS,03/31/2021,14507,15946
936,59 ST COLUMBUS,04/01/2021,14389,15889
937,59 ST COLUMBUS,04/02/2021,13726,15937
938,42 ST-PORT AUTH,03/27/2021,15247,20372
939,42 ST-PORT AUTH,03/28/2021,9937,12957
940,42 ST-PORT AUTH,03/29/2021,23276,23626
941,42 ST-PORT AUTH,03/30/2021,24189,25120
942,42 ST-PORT AUTH,03/31/2021,23620,23607
943,42 ST-PORT AUTH,04/01/2021,24166,24206
944,42 ST-PORT AUTH,04/02/2021,22586,24732
945,34 ST-PENN STA,03/27/2021,19244,30070
946,34 ST-PENN STA,03/28/2021,12876,18291
947,34 ST-PENN STA,03/29/2021,31210,41553
948,34 ST-PENN STA,03/30/2021,33286,44164
949,34 ST-PENN STA,03/31/2021,32102,42518
950,34 ST-PENN STA,04/01/2021,32134,43945
951,34 ST-PENN STA,04/02/2021,29800,41082
952,14 ST,03/27/2021,9165,14206
953,14 ST,03/28/2021,5353,8335
954,14 ST,03/29/2021,11074,14342
955,14 ST,03/30/2021,12123,15825
956,14 ST,03/31/2021,11719,15308
957,14 ST,04/01/2021,11491,15648
958,14 ST,04/02/2021,10815,15690
959,W 4 ST-WASH SQ,03/27/2021,6747,12181
960,W 4 ST-WASH SQ,03/28/2021,3869,7427
961,W 4 ST-WASH SQ,03/29/2021,6844,10365
962,W 4 ST-WASH SQ,03/30/2021,7558,11595
963,W 4 ST-WASH SQ,03/31/2021,7092,10512
964,W 4 ST-WASH SQ,04/01/2021,7239,11825
965,W 4 ST-WASH SQ,04/02/2021,7365,13752
966,SPRING ST,03/27/2021,2830,4586
967,SPRING ST,03/28/2021,1673,2397
968,SPRING ST,03/29/2021,4120,4212
969,SPRING ST,03/30/2021,4616,4786
970,SPRING ST,03/31/2021,4322,4405
971,SPRING ST,04/01/2021,4569,5126
972,SPRING ST,04/02/2021,4914,5612
973,WORLD TRADE CTR,03/27/2021,149,71
974,WORLD TRADE CTR,03/28/2021,72,36
975,WORLD TRADE CTR,03/29/2021,2525,3032
976,WORLD TRADE CTR,03/30/2021,2693,3160
977,WORLD TRADE CTR,03/31/2021,2514,2908
978,WORLD TRADE CTR,04/01/2021,2585,3222
979,WORLD TRADE CTR,04/02/2021,2424,3165
980,HIGH ST,03/27/2021,3240,5229
981,HIGH ST,03/28/2021,1158,2097
982,HIGH ST,03/29/2021,1837,2882
983,HIGH ST,03/30/2021,2161,3403
984,HIGH ST,03/31/2021,1831,2865
985,HIGH ST,04/01/2021,1765,2888
986,HIGH ST,04/02/2021,1705,2928
987,HOYT-SCHER,03/27/2021,2413,3522
988,HOYT-SCHER,03/28/2021,1485,2208
989,HOYT-SCHER,03/29/2021,3060,4010
990,HOYT-SCHER,03/30/2021,3140,4224
991,HOYT-SCHER,03/31/2021,3044,4016
992,HOYT-SCHER,04/01/2021,3124,4117
993,HOYT-SCHER,04/02/2021,1894,3199
994,LAFAYETTE AV,03/27/2021,1058,965
995,LAFAYETTE AV,03/28/2021,626,545
996,LAFAYETTE AV,03/29/2021,1202,772
997,LAFAYETTE AV,03/30/2021,1270,869
998,LAFAYETTE AV,03/31/2021,1118,732
999,LAFAYETTE AV,04/01/2021,1272,807
1000,LAFAYETTE AV,04/02/2021,1185,829
1001,CLINTON-WASH AV,03/27/2021,2001,2029
1002,CLINTON-WASH AV,03/28/2021,1028,1289
1003,CLINTON-WASH AV,03/29/2021,2490,2555
1004,CLINTON-WASH AV,03/30/2021,2747,2809
1005,CLINTON-WASH AV,03/31/2021,2590,2622
1006,CLINTON-WASH AV,04/01/2021,2639,2713
1007,CLINTON-WASH AV,04/02/2021,2557,2721
1008,FRANKLIN AV,03/27/2021,4448,4400
1009,FRANKLIN AV,03/28/2021,2741,3181
1010,FRANKLIN AV,03/29/2021,4884,4695
1011,FRANKLIN AV,03/30/2021,5280,5183
1012,FRANKLIN AV,03/31/2021,5191,4930
1013,FRANKLIN AV,04/01/2021,5367,5062
1014,FRANKLIN AV,04/02/2021,5206,4954
1015,NOSTRAND AV,03/27/2021,5268,6338
1016,NOSTRAND AV,03/28/2021,3123,4354
1017,NOSTRAND AV,03/29/2021,6010,7438
1018,NOSTRAND AV,03/30/2021,6491,7800
1019,NOSTRAND AV,03/31/2021,6227,7679
1020,NOSTRAND AV,04/01/2021,6344,7776
1021,NOSTRAND AV,04/02/2021,6451,7647
1022,KINGSTON-THROOP,03/27/2021,1359,1787
1023,KINGSTON-THROOP,03/28/2021,785,1209
1024,KINGSTON-THROOP,03/29/2021,1659,1974
1025,KINGSTON-THROOP,03/30/2021,1670,2073
1026,KINGSTON-THROOP,03/31/2021,1652,1971
1027,KINGSTON-THROOP,04/01/2021,1669,1989
1028,KINGSTON-THROOP,04/02/2021,1732,2023
1029,UTICA AV,03/27/2021,3828,4186
1030,UTICA AV,03/28/2021,2371,2643
1031,UTICA AV,03/29/2021,4582,4765
1032,UTICA AV,03/30/2021,5062,5279
1033,UTICA AV,03/31/2021,4837,4934
1034,UTICA AV,04/01/2021,4933,5022
1035,UTICA AV,04/02/2021,4734,4982
1036,RALPH AV,03/27/2021,1403,1115
1037,RALPH AV,03/28/2021,888,787
1038,RALPH AV,03/29/2021,1739,1174
1039,RALPH AV,03/30/2021,1909,1249
1040,RALPH AV,03/31/2021,1762,1148
1041,RALPH AV,04/01/2021,1844,1183
1042,RALPH AV,04/02/2021,1842,1269
1043,ROCKAWAY AV,03/27/2021,2906,2890
1044,ROCKAWAY AV,03/28/2021,1935,1948
1045,ROCKAWAY AV,03/29/2021,3865,3768
1046,ROCKAWAY AV,03/30/2021,4076,3993
1047,ROCKAWAY AV,03/31/2021,3896,3770
1048,ROCKAWAY AV,04/01/2021,3881,3779
1049,ROCKAWAY AV,04/02/2021,3726,3514
1050,BROADWAY JCT,03/27/2021,4563,4718
1051,BROADWAY JCT,03/28/2021,2995,3377
1052,BROADWAY JCT,03/29/2021,3077,3249
1053,BROADWAY JCT,03/30/2021,3149,3413
1054,BROADWAY JCT,03/31/2021,3072,3190
1055,BROADWAY JCT,04/01/2021,3104,3360
1056,BROADWAY JCT,04/02/2021,2810,3154
1057,LIBERTY AV,03/27/2021,659,505
1058,LIBERTY AV,03/28/2021,458,348
1059,LIBERTY AV,03/29/2021,978,671
1060,LIBERTY AV,03/30/2021,1098,785
1061,LIBERTY AV,03/31/2021,1162,820
1062,LIBERTY AV,04/01/2021,1083,747
1063,LIBERTY AV,04/02/2021,894,596
1064,VAN SICLEN AVE,03/27/2021,789,976
1065,VAN SICLEN AVE,03/28/2021,487,636
1066,VAN SICLEN AVE,03/29/2021,1015,1156
1067,VAN SICLEN AVE,03/30/2021,1108,1236
1068,VAN SICLEN AVE,03/31/2021,1087,1163
1069,VAN SICLEN AVE,04/01/2021,1120,1176
1070,VAN SICLEN AVE,04/02/2021,972,1093
1071,SHEPHERD AV,03/27/2021,777,545
1072,SHEPHERD AV,03/28/2021,506,459
1073,SHEPHERD AV,03/29/2021,1047,715
1074,SHEPHERD AV,03/30/2021,1090,783
1075,SHEPHERD AV,03/31/2021,1086,737
1076,SHEPHERD AV,04/01/2021,1130,734
1077,SHEPHERD AV,04/02/2021,948,671
1078,EUCLID AV,03/27/2021,2728,1247
1079,EUCLID AV,03/28/2021,1720,929
1080,EUCLID AV,03/29/2021,3582,1579
1081,EUCLID AV,03/30/2021,3863,1592
1082,EUCLID AV,03/31/2021,3655,1533
1083,EUCLID AV,04/01/2021,3717,1553
1084,EUCLID AV,04/02/2021,3438,1473
1085,GRANT AV,03/27/2021,1385,1500
1086,GRANT AV,03/28/2021,861,979
1087,GRANT AV,03/29/2021,1951,2041
1088,GRANT AV,03/30/2021,2065,2194
1089,GRANT AV,03/31/2021,1998,2050
1090,GRANT AV,04/01/2021,2021,2044
1091,GRANT AV,04/02/2021,1774,1942
1092,80 ST,03/27/2021,917,523
1093,80 ST,03/28/2021,661,393
1094,80 ST,03/29/2021,1395,836
1095,80 ST,03/30/2021,1535,879
1096,80 ST,03/31/2021,1474,835
1097,80 ST,04/01/2021,1535,829
1098,80 ST,04/02/2021,1392,765
1099,88 ST,03/27/2021,603,266
1100,88 ST,03/28/2021,395,191
1101,88 ST,03/29/2021,958,265
1102,88 ST,03/30/2021,1080,479
1103,88 ST,03/31/2021,1059,486
1104,88 ST,04/01/2021,1065,487
1105,88 ST,04/02/2021,963,447
1106,ROCKAWAY BLVD,03/27/2021,2010,632
1107,ROCKAWAY BLVD,03/28/2021,1189,396
1108,ROCKAWAY BLVD,03/29/2021,2866,895
1109,ROCKAWAY BLVD,03/30/2021,3149,922
1110,ROCKAWAY BLVD,03/31/2021,2812,879
1111,ROCKAWAY BLVD,04/01/2021,2814,866
1112,ROCKAWAY BLVD,04/02/2021,2607,848
1113,OZONE PK LEFFRT,03/27/2021,2152,1798
1114,OZONE PK LEFFRT,03/28/2021,1489,1328
1115,OZONE PK LEFFRT,03/29/2021,3217,2679
1116,OZONE PK LEFFRT,03/30/2021,3350,2866
1117,OZONE PK LEFFRT,03/31/2021,3414,2878
1118,OZONE PK LEFFRT,04/01/2021,3312,2824
1119,OZONE PK LEFFRT,04/02/2021,3022,2592
1120,AQUEDUCT N.COND,03/27/2021,179,675
1121,AQUEDUCT N.COND,03/28/2021,118,486
1122,AQUEDUCT N.COND,03/29/2021,296,732
1123,AQUEDUCT N.COND,03/30/2021,316,827
1124,AQUEDUCT N.COND,03/31/2021,328,777
1125,AQUEDUCT N.COND,04/01/2021,316,772
1126,AQUEDUCT N.COND,04/02/2021,316,758
1127,AQUEDUCT RACETR,03/27/2021,437,279
1128,AQUEDUCT RACETR,03/28/2021,334,298
1129,AQUEDUCT RACETR,03/29/2021,450,277
1130,AQUEDUCT RACETR,03/30/2021,491,295
1131,AQUEDUCT RACETR,03/31/2021,466,298
1132,AQUEDUCT RACETR,04/01/2021,432,288
1133,AQUEDUCT RACETR,04/02/2021,436,279
1134,BROAD CHANNEL,03/27/2021,63,37
1135,BROAD CHANNEL,03/28/2021,31,19
1136,BROAD CHANNEL,03/29/2021,106,44
1137,BROAD CHANNEL,03/30/2021,118,49
1138,BROAD CHANNEL,03/31/2021,92,34
1139,BROAD CHANNEL,04/01/2021,106,41
1140,BROAD CHANNEL,04/02/2021,88,36
1141,BEACH 90 ST,03/27/2021,0,0
1142,BEACH 90 ST,03/28/2021,0,1
1143,BEACH 90 ST,03/29/2021,203,289
1144,BEACH 90 ST,03/30/2021,205,266
1145,BEACH 90 ST,03/31/2021,215,265
1146,BEACH 90 ST,04/01/2021,277,312
1147,BEACH 90 ST,04/02/2021,245,278
1148,BEACH 98 ST,03/27/2021,1,16
1149,BEACH 98 ST,03/28/2021,1,10
1150,BEACH 98 ST,03/29/2021,88,149
1151,BEACH 98 ST,03/30/2021,120,142
1152,BEACH 98 ST,03/31/2021,109,161
1153,BEACH 98 ST,04/01/2021,207,221
1154,BEACH 98 ST,04/02/2021,163,204
1155,BEACH 105 ST,03/27/2021,0,8
1156,BEACH 105 ST,03/28/2021,0,22
1157,BEACH 105 ST,03/29/2021,47,85
1158,BEACH 105 ST,03/30/2021,83,146
1159,BEACH 105 ST,03/31/2021,54,96
1160,BEACH 105 ST,04/01/2021,54,97
1161,BEACH 105 ST,04/02/2021,61,76
1162,ROCKAWAY PARK B,03/27/2021,1,7
1163,ROCKAWAY PARK B,03/28/2021,0,7
1164,ROCKAWAY PARK B,03/29/2021,237,356
1165,ROCKAWAY PARK B,03/30/2021,220,375
1166,ROCKAWAY PARK B,03/31/2021,236,413
1167,ROCKAWAY PARK B,04/01/2021,247,367
1168,ROCKAWAY PARK B,04/02/2021,261,416
1169,BEACH 67 ST,03/27/2021,1304,989
1170,BEACH 67 ST,03/28/2021,870,526
1171,BEACH 67 ST,03/29/2021,1202,678
1172,BEACH 67 ST,03/30/2021,1271,700
1173,BEACH 67 ST,03/31/2021,1169,583
1174,BEACH 67 ST,04/01/2021,1205,676
1175,BEACH 67 ST,04/02/2021,1161,656
1176,BEACH 60 ST,03/27/2021,554,453
1177,BEACH 60 ST,03/28/2021,342,267
1178,BEACH 60 ST,03/29/2021,672,589
1179,BEACH 60 ST,03/30/2021,765,596
1180,BEACH 60 ST,03/31/2021,689,542
1181,BEACH 60 ST,04/01/2021,733,562
1182,BEACH 60 ST,04/02/2021,721,552
1183,BEACH 44 ST,03/27/2021,448,500
1184,BEACH 44 ST,03/28/2021,358,397
1185,BEACH 44 ST,03/29/2021,535,535
1186,BEACH 44 ST,03/30/2021,537,597
1187,BEACH 44 ST,03/31/2021,520,565
1188,BEACH 44 ST,04/01/2021,548,581
1189,BEACH 44 ST,04/02/2021,522,553
1190,BEACH 36 ST,03/27/2021,310,318
1191,BEACH 36 ST,03/28/2021,173,235
1192,BEACH 36 ST,03/29/2021,356,402
1193,BEACH 36 ST,03/30/2021,416,477
1194,BEACH 36 ST,03/31/2021,388,443
1195,BEACH 36 ST,04/01/2021,370,405
1196,BEACH 36 ST,04/02/2021,377,387
1197,BEACH 25 ST,03/27/2021,854,752
1198,BEACH 25 ST,03/28/2021,691,556
1199,BEACH 25 ST,03/29/2021,983,930
1200,BEACH 25 ST,03/30/2021,1070,984
1201,BEACH 25 ST,03/31/2021,1022,996
1202,BEACH 25 ST,04/01/2021,1051,907
1203,BEACH 25 ST,04/02/2021,1016,899
1204,FAR ROCKAWAY,03/27/2021,1276,1515
1205,FAR ROCKAWAY,03/28/2021,784,1087
1206,FAR ROCKAWAY,03/29/2021,1741,2088
1207,FAR ROCKAWAY,03/30/2021,1941,2296
1208,FAR ROCKAWAY,03/31/2021,1850,2284
1209,FAR ROCKAWAY,04/01/2021,1920,2219
1210,FAR ROCKAWAY,04/02/2021,1755,2098
1211,161/YANKEE STAD,03/27/2021,6182,4667
1212,161/YANKEE STAD,03/28/2021,3800,3129
1213,161/YANKEE STAD,03/29/2021,8168,5504
1214,161/YANKEE STAD,03/30/2021,8650,5784
1215,161/YANKEE STAD,03/31/2021,8460,5539
1216,161/YANKEE STAD,04/01/2021,9516,6315
1217,161/YANKEE STAD,04/02/2021,7729,5293
1218,167 ST,03/27/2021,5803,6147
1219,167 ST,03/28/2021,3654,3380
1220,167 ST,03/29/2021,7766,6426
1221,167 ST,03/30/2021,8088,6642
1222,167 ST,03/31/2021,8155,6574
1223,167 ST,04/01/2021,7619,6419
1224,167 ST,04/02/2021,7154,5959
1225,170 ST,03/27/2021,4259,3524
1226,170 ST,03/28/2021,2815,2734
1227,170 ST,03/29/2021,5601,4943
1228,170 ST,03/30/2021,6101,5149
1229,170 ST,03/31/2021,5726,5056
1230,170 ST,04/01/2021,6277,5170
1231,170 ST,04/02/2021,5524,4599
1232,174-175 STS,03/27/2021,1468,1196
1233,174-175 STS,03/28/2021,883,838
1234,174-175 STS,03/29/2021,2053,1573
1235,174-175 STS,03/30/2021,2189,1685
1236,174-175 STS,03/31/2021,2048,1644
1237,174-175 STS,04/01/2021,2092,1572
1238,174-175 STS,04/02/2021,2013,1513
1239,TREMONT AV,03/27/2021,2413,2057
1240,TREMONT AV,03/28/2021,1621,1395
1241,TREMONT AV,03/29/2021,3689,2934
1242,TREMONT AV,03/30/2021,3987,3202
1243,TREMONT AV,03/31/2021,3899,3121
1244,TREMONT AV,04/01/2021,3802,2896
1245,TREMONT AV,04/02/2021,3466,2865
1246,182-183 STS,03/27/2021,1432,852
1247,182-183 STS,03/28/2021,943,590
1248,182-183 STS,03/29/2021,1887,928
1249,182-183 STS,03/30/2021,1862,969
1250,182-183 STS,03/31/2021,1916,997
1251,182-183 STS,04/01/2021,1887,929
1252,182-183 STS,04/02/2021,1774,954
1253,FORDHAM RD,03/27/2021,7072,3412
1254,FORDHAM RD,03/28/2021,4014,2249
1255,FORDHAM RD,03/29/2021,8504,4460
1256,FORDHAM RD,03/30/2021,8926,4592
1257,FORDHAM RD,03/31/2021,8753,4494
1258,FORDHAM RD,04/01/2021,8559,4218
1259,FORDHAM RD,04/02/2021,8176,4248
1260,KINGSBRIDGE RD,03/27/2021,4542,4014
1261,KINGSBRIDGE RD,03/28/2021,2940,2817
1262,KINGSBRIDGE RD,03/29/2021,6263,5321
1263,KINGSBRIDGE RD,03/30/2021,6365,5538
1264,KINGSBRIDGE RD,03/31/2021,6234,5522
1265,KINGSBRIDGE RD,04/01/2021,6464,5263
1266,KINGSBRIDGE RD,04/02/2021,5737,4927
1267,BEDFORD PK BLVD,03/27/2021,3122,3013
1268,BEDFORD PK BLVD,03/28/2021,2031,1860
1269,BEDFORD PK BLVD,03/29/2021,4137,3516
1270,BEDFORD PK BLVD,03/30/2021,4547,3959
1271,BEDFORD PK BLVD,03/31/2021,4371,3731
1272,BEDFORD PK BLVD,04/01/2021,4505,3889
1273,BEDFORD PK BLVD,04/02/2021,4051,3430
1274,NORWOOD 205 ST,03/27/2021,2222,2131
1275,NORWOOD 205 ST,03/28/2021,1485,1508
1276,NORWOOD 205 ST,03/29/2021,3331,3163
1277,NORWOOD 205 ST,03/30/2021,3520,3285
1278,NORWOOD 205 ST,03/31/2021,3352,3139
1279,NORWOOD 205 ST,04/01/2021,3373,2945
1280,NORWOOD 205 ST,04/02/2021,3132,2815
1281,5 AV/53 ST,03/27/2021,883,1662
1282,5 AV/53 ST,03/28/2021,438,918
1283,5 AV/53 ST,03/29/2021,4024,5310
1284,5 AV/53 ST,03/30/2021,4580,6049
1285,5 AV/53 ST,03/31/2021,4572,5789
1286,5 AV/53 ST,04/01/2021,4420,5815
1287,5 AV/53 ST,04/02/2021,3668,5781
1288,LEXINGTON AV/53,03/27/2021,2389,3310
1289,LEXINGTON AV/53,03/28/2021,1390,2079
1290,LEXINGTON AV/53,03/29/2021,7166,10048
1291,LEXINGTON AV/53,03/30/2021,7951,10641
1292,LEXINGTON AV/53,03/31/2021,7819,10650
1293,LEXINGTON AV/53,04/01/2021,7620,10539
1294,LEXINGTON AV/53,04/02/2021,6457,8817
1295,COURT SQ-23 ST,03/27/2021,1718,1379
1296,COURT SQ-23 ST,03/28/2021,1424,1308
1297,COURT SQ-23 ST,03/29/2021,2559,2042
1298,COURT SQ-23 ST,03/30/2021,2789,2157
1299,COURT SQ-23 ST,03/31/2021,2845,2182
1300,COURT SQ-23 ST,04/01/2021,2924,2273
1301,COURT SQ-23 ST,04/02/2021,2841,2195
1302,QUEENS PLAZA,03/27/2021,1454,2869
1303,QUEENS PLAZA,03/28/2021,862,1880
1304,QUEENS PLAZA,03/29/2021,2714,3994
1305,QUEENS PLAZA,03/30/2021,2812,4009
1306,QUEENS PLAZA,03/31/2021,2903,4101
1307,QUEENS PLAZA,04/01/2021,2713,4070
1308,QUEENS PLAZA,04/02/2021,2470,3744
1309,STEINWAY ST,03/27/2021,3130,3922
1310,STEINWAY ST,03/28/2021,1779,2415
1311,STEINWAY ST,03/29/2021,4076,4695
1312,STEINWAY ST,03/30/2021,4372,4715
1313,STEINWAY ST,03/31/2021,4399,4652
1314,STEINWAY ST,04/01/2021,4181,4639
1315,STEINWAY ST,04/02/2021,4003,4614
1316,46 ST,03/27/2021,1722,2177
1317,46 ST,03/28/2021,1144,1566
1318,46 ST,03/29/2021,2469,2861
1319,46 ST,03/30/2021,2706,3066
1320,46 ST,03/31/2021,2616,2963
1321,46 ST,04/01/2021,2602,3046
1322,46 ST,04/02/2021,2426,2908
1323,NORTHERN BLVD,03/27/2021,1664,1869
1324,NORTHERN BLVD,03/28/2021,946,1159
1325,NORTHERN BLVD,03/29/2021,2713,2692
1326,NORTHERN BLVD,03/30/2021,2732,2790
1327,NORTHERN BLVD,03/31/2021,2638,2695
1328,NORTHERN BLVD,04/01/2021,2667,2737
1329,NORTHERN BLVD,04/02/2021,2362,2323
1330,65 ST,03/27/2021,902,1023
1331,65 ST,03/28/2021,566,637
1332,65 ST,03/29/2021,1246,1082
1333,65 ST,03/30/2021,1339,1128
1334,65 ST,03/31/2021,1273,1057
1335,65 ST,04/01/2021,1345,1095
1336,65 ST,04/02/2021,1171,1035
1337,JKSN HT-ROOSVLT,03/27/2021,13920,13462
1338,JKSN HT-ROOSVLT,03/28/2021,8953,9523
1339,JKSN HT-ROOSVLT,03/29/2021,17727,14305
1340,JKSN HT-ROOSVLT,03/30/2021,18916,14865
1341,JKSN HT-ROOSVLT,03/31/2021,17953,14327
1342,JKSN HT-ROOSVLT,04/01/2021,17973,13905
1343,JKSN HT-ROOSVLT,04/02/2021,16796,13848
1344,ELMHURST AV,03/27/2021,3403,1349
1345,ELMHURST AV,03/28/2021,2257,973
1346,ELMHURST AV,03/29/2021,4625,1651
1347,ELMHURST AV,03/30/2021,4877,1544
1348,ELMHURST AV,03/31/2021,4829,1641
1349,ELMHURST AV,04/01/2021,4702,1540
1350,ELMHURST AV,04/02/2021,4699,1690
1351,GRAND-NEWTOWN,03/27/2021,4522,3317
1352,GRAND-NEWTOWN,03/28/2021,2831,2308
1353,GRAND-NEWTOWN,03/29/2021,6654,4781
1354,GRAND-NEWTOWN,03/30/2021,7127,4876
1355,GRAND-NEWTOWN,03/31/2021,6794,4689
1356,GRAND-NEWTOWN,04/01/2021,6767,4588
1357,GRAND-NEWTOWN,04/02/2021,6341,4383
1358,63 DR-REGO PARK,03/27/2021,3454,2074
1359,63 DR-REGO PARK,03/28/2021,2094,1295
1360,63 DR-REGO PARK,03/29/2021,5001,2506
1361,63 DR-REGO PARK,03/30/2021,5439,2751
1362,63 DR-REGO PARK,03/31/2021,5252,2615
1363,63 DR-REGO PARK,04/01/2021,5084,2366
1364,63 DR-REGO PARK,04/02/2021,4806,2375
1365,67 AV,03/27/2021,1411,790
1366,67 AV,03/28/2021,838,553
1367,67 AV,03/29/2021,2294,1269
1368,67 AV,03/30/2021,2613,1441
1369,67 AV,03/31/2021,2507,1326
1370,67 AV,04/01/2021,2487,1411
1371,67 AV,04/02/2021,2238,1188
1372,FOREST HILLS 71,03/27/2021,4906,3591
1373,FOREST HILLS 71,03/28/2021,2744,2211
1374,FOREST HILLS 71,03/29/2021,7754,5150
1375,FOREST HILLS 71,03/30/2021,8612,5735
1376,FOREST HILLS 71,03/31/2021,8325,5529
1377,FOREST HILLS 71,04/01/2021,8097,5480
1378,FOREST HILLS 71,04/02/2021,7550,4988
1379,75 AV,03/27/2021,588,359
1380,75 AV,03/28/2021,410,246
1381,75 AV,03/29/2021,948,385
1382,75 AV,03/30/2021,989,426
1383,75 AV,03/31/2021,1072,411
1384,75 AV,04/01/2021,1019,453
1385,75 AV,04/02/2021,883,371
1386,KEW GARDENS,03/27/2021,4767,5378
1387,KEW GARDENS,03/28/2021,2804,3307
1388,KEW GARDENS,03/29/2021,8398,9394
1389,KEW GARDENS,03/30/2021,9022,10044
1390,KEW GARDENS,03/31/2021,8689,9669
1391,KEW GARDENS,04/01/2021,8523,9359
1392,KEW GARDENS,04/02/2021,7457,8217
1393,BRIARWOOD,03/27/2021,1008,694
1394,BRIARWOOD,03/28/2021,638,460
1395,BRIARWOOD,03/29/2021,1685,917
1396,BRIARWOOD,03/30/2021,1763,935
1397,BRIARWOOD,03/31/2021,1656,877
1398,BRIARWOOD,04/01/2021,1582,780
1399,BRIARWOOD,04/02/2021,1479,823
1400,SUTPHIN BLVD,03/27/2021,1123,1170
1401,SUTPHIN BLVD,03/28/2021,766,812
1402,SUTPHIN BLVD,03/29/2021,1731,1284
1403,SUTPHIN BLVD,03/30/2021,1823,1396
1404,SUTPHIN BLVD,03/31/2021,1719,1411
1405,SUTPHIN BLVD,04/01/2021,1706,1321
1406,SUTPHIN BLVD,04/02/2021,1558,1235
1407,PARSONS BLVD,03/27/2021,1839,1919
1408,PARSONS BLVD,03/28/2021,1198,1288
1409,PARSONS BLVD,03/29/2021,2671,2483
1410,PARSONS BLVD,03/30/2021,2805,2739
1411,PARSONS BLVD,03/31/2021,2686,2620
1412,PARSONS BLVD,04/01/2021,2801,2625
1413,PARSONS BLVD,04/02/2021,2538,2315
1414,169 ST,03/27/2021,1934,1891
1415,169 ST,03/28/2021,1219,1365
1416,169 ST,03/29/2021,2709,2828
1417,169 ST,03/30/2021,2922,3063
1418,169 ST,03/31/2021,2838,2953
1419,169 ST,04/01/2021,2831,2888
1420,169 ST,04/02/2021,2580,2650
1421,JAMAICA 179 ST,03/27/2021,3971,2302
1422,JAMAICA 179 ST,03/28/2021,2250,1542
1423,JAMAICA 179 ST,03/29/2021,7216,3510
1424,JAMAICA 179 ST,03/30/2021,8173,3795
1425,JAMAICA 179 ST,03/31/2021,7942,3745
1426,JAMAICA 179 ST,04/01/2021,7702,3466
1427,JAMAICA 179 ST,04/02/2021,6671,3232
1428,COURT SQ,03/27/2021,1927,2866
1429,COURT SQ,03/28/2021,1689,2128
1430,COURT SQ,03/29/2021,3451,4344
1431,COURT SQ,03/30/2021,3714,4615
1432,COURT SQ,03/31/2021,3546,4538
1433,COURT SQ,04/01/2021,3688,4656
1434,COURT SQ,04/02/2021,3333,4230
1435,21 ST,03/27/2021,363,707
1436,21 ST,03/28/2021,216,368
1437,21 ST,03/29/2021,569,781
1438,21 ST,03/30/2021,596,867
1439,21 ST,03/31/2021,582,832
1440,21 ST,04/01/2021,666,956
1441,21 ST,04/02/2021,560,841
1442,GREENPOINT AV,03/27/2021,2099,2958
1443,GREENPOINT AV,03/28/2021,1108,2028
1444,GREENPOINT AV,03/29/2021,3054,3720
1445,GREENPOINT AV,03/30/2021,3155,4029
1446,GREENPOINT AV,03/31/2021,3267,4029
1447,GREENPOINT AV,04/01/2021,3347,4159
1448,GREENPOINT AV,04/02/2021,1031,2125
1449,NASSAU AV,03/27/2021,1950,3233
1450,NASSAU AV,03/28/2021,942,1714
1451,NASSAU AV,03/29/2021,2587,3745
1452,NASSAU AV,03/30/2021,2732,3960
1453,NASSAU AV,03/31/2021,2626,4033
1454,NASSAU AV,04/01/2021,2683,3838
1455,NASSAU AV,04/02/2021,2622,3922
1456,BROADWAY,03/27/2021,4247,4649
1457,BROADWAY,03/28/2021,2391,2910
1458,BROADWAY,03/29/2021,4790,5261
1459,BROADWAY,03/30/2021,5377,5871
1460,BROADWAY,03/31/2021,4941,5751
1461,BROADWAY,04/01/2021,5183,5640
1462,BROADWAY,04/02/2021,5036,5620
1463,MYRTLE-WILLOUGH,03/27/2021,1437,966
1464,MYRTLE-WILLOUGH,03/28/2021,892,617
1465,MYRTLE-WILLOUGH,03/29/2021,1662,1175
1466,MYRTLE-WILLOUGH,03/30/2021,1821,1227
1467,MYRTLE-WILLOUGH,03/31/2021,1767,1253
1468,MYRTLE-WILLOUGH,04/01/2021,1811,1277
1469,MYRTLE-WILLOUGH,04/02/2021,1774,1162
1470,BEDFORD-NOSTRAN,03/27/2021,1798,1456
1471,BEDFORD-NOSTRAN,03/28/2021,1114,1050
1472,BEDFORD-NOSTRAN,03/29/2021,2179,1824
1473,BEDFORD-NOSTRAN,03/30/2021,2357,1890
1474,BEDFORD-NOSTRAN,03/31/2021,2305,1916
1475,BEDFORD-NOSTRAN,04/01/2021,2308,1889
1476,BEDFORD-NOSTRAN,04/02/2021,2245,1835
1477,CLASSON AV,03/27/2021,1138,1384
1478,CLASSON AV,03/28/2021,702,945
1479,CLASSON AV,03/29/2021,1279,1630
1480,CLASSON AV,03/30/2021,1419,1801
1481,CLASSON AV,03/31/2021,1521,1764
1482,CLASSON AV,04/01/2021,1477,1772
1483,CLASSON AV,04/02/2021,1457,1812
1484,47-50 STS ROCK,03/27/2021,4128,6901
1485,47-50 STS ROCK,03/28/2021,2402,3941
1486,47-50 STS ROCK,03/29/2021,9788,14037
1487,47-50 STS ROCK,03/30/2021,11701,16492
1488,47-50 STS ROCK,03/31/2021,11716,16007
1489,47-50 STS ROCK,04/01/2021,11434,16322
1490,47-50 STS ROCK,04/02/2021,9347,13594
1491,42 ST-BRYANT PK,03/27/2021,3951,7913
1492,42 ST-BRYANT PK,03/28/2021,1979,3782
1493,42 ST-BRYANT PK,03/29/2021,7039,9482
1494,42 ST-BRYANT PK,03/30/2021,7803,10784
1495,42 ST-BRYANT PK,03/31/2021,7406,10629
1496,42 ST-BRYANT PK,04/01/2021,7224,10108
1497,42 ST-BRYANT PK,04/02/2021,5976,9182
1498,B'WAY-LAFAYETTE,03/27/2021,3833,8828
1499,B'WAY-LAFAYETTE,03/28/2021,2069,4852
1500,B'WAY-LAFAYETTE,03/29/2021,4302,8482
1501,B'WAY-LAFAYETTE,03/30/2021,4578,9185
1502,B'WAY-LAFAYETTE,03/31/2021,4409,8556
1503,B'WAY-LAFAYETTE,04/01/2021,4730,9268
1504,B'WAY-LAFAYETTE,04/02/2021,4718,10346
1505,2 AV,03/27/2021,2546,3956
1506,2 AV,03/28/2021,1506,2305
1507,2 AV,03/29/2021,2970,4493
1508,2 AV,03/30/2021,3279,5145
1509,2 AV,03/31/2021,3169,4930
1510,2 AV,04/01/2021,3253,5263
1511,2 AV,04/02/2021,3399,5757
1512,EAST BROADWAY,03/27/2021,37,111
1513,EAST BROADWAY,03/28/2021,10,28
1514,EAST BROADWAY,03/29/2021,3420,2773
1515,EAST BROADWAY,03/30/2021,3700,3096
1516,EAST BROADWAY,03/31/2021,3550,2842
1517,EAST BROADWAY,04/01/2021,3538,2630
1518,EAST BROADWAY,04/02/2021,3483,2974
1519,YORK ST,03/27/2021,0,0
1520,YORK ST,03/28/2021,1,3
1521,YORK ST,03/29/2021,2299,2728
1522,YORK ST,03/30/2021,2614,3169
1523,YORK ST,03/31/2021,2337,2656
1524,YORK ST,04/01/2021,2364,2824
1525,YORK ST,04/02/2021,2388,2820
1526,BERGEN ST,03/27/2021,2494,3192
1527,BERGEN ST,03/28/2021,1437,2086
1528,BERGEN ST,03/29/2021,3061,3839
1529,BERGEN ST,03/30/2021,3406,4237
1530,BERGEN ST,03/31/2021,3175,4056
1531,BERGEN ST,04/01/2021,3475,4209
1532,BERGEN ST,04/02/2021,3297,4273
1533,CARROLL ST,03/27/2021,1643,1246
1534,CARROLL ST,03/28/2021,951,805
1535,CARROLL ST,03/29/2021,2242,1720
1536,CARROLL ST,03/30/2021,2526,1876
1537,CARROLL ST,03/31/2021,2600,1930
1538,CARROLL ST,04/01/2021,2419,1794
1539,CARROLL ST,04/02/2021,2318,1829
1540,SMITH-9 ST,03/27/2021,1546,1639
1541,SMITH-9 ST,03/28/2021,1175,1068
1542,SMITH-9 ST,03/29/2021,2007,2550
1543,SMITH-9 ST,03/30/2021,2058,2616
1544,SMITH-9 ST,03/31/2021,2088,2617
1545,SMITH-9 ST,04/01/2021,1977,2495
1546,SMITH-9 ST,04/02/2021,1906,2337
1547,4 AV-9 ST,03/27/2021,592,1151
1548,4 AV-9 ST,03/28/2021,333,693
1549,4 AV-9 ST,03/29/2021,1133,1609
1550,4 AV-9 ST,03/30/2021,1129,1785
1551,4 AV-9 ST,03/31/2021,1129,1802
1552,4 AV-9 ST,04/01/2021,1113,1776
1553,4 AV-9 ST,04/02/2021,975,1635
1554,15 ST-PROSPECT,03/27/2021,843,1168
1555,15 ST-PROSPECT,03/28/2021,377,471
1556,15 ST-PROSPECT,03/29/2021,1367,1047
1557,15 ST-PROSPECT,03/30/2021,1614,1245
1558,15 ST-PROSPECT,03/31/2021,1359,1068
1559,15 ST-PROSPECT,04/01/2021,1390,1022
1560,15 ST-PROSPECT,04/02/2021,1322,1037
1561,DITMAS AV,03/27/2021,661,423
1562,DITMAS AV,03/28/2021,510,363
1563,DITMAS AV,03/29/2021,1311,864
1564,DITMAS AV,03/30/2021,1707,1144
1565,DITMAS AV,03/31/2021,1476,1144
1566,DITMAS AV,04/01/2021,1504,947
1567,DITMAS AV,04/02/2021,1324,877
1568,AVENUE I,03/27/2021,260,158
1569,AVENUE I,03/28/2021,234,121
1570,AVENUE I,03/29/2021,555,285
1571,AVENUE I,03/30/2021,745,378
1572,AVENUE I,03/31/2021,770,440
1573,AVENUE I,04/01/2021,755,421
1574,AVENUE I,04/02/2021,664,335
1575,AVENUE N,03/27/2021,413,179
1576,AVENUE N,03/28/2021,303,158
1577,AVENUE N,03/29/2021,954,354
1578,AVENUE N,03/30/2021,1197,474
1579,AVENUE N,03/31/2021,1046,442
1580,AVENUE N,04/01/2021,1035,443
1581,AVENUE N,04/02/2021,966,402
1582,AVENUE P,03/27/2021,349,205
1583,AVENUE P,03/28/2021,239,156
1584,AVENUE P,03/29/2021,826,402
1585,AVENUE P,03/30/2021,959,486
1586,AVENUE P,03/31/2021,932,437
1587,AVENUE P,04/01/2021,940,436
1588,AVENUE P,04/02/2021,843,448
1589,AVENUE X,03/27/2021,323,96
1590,AVENUE X,03/28/2021,213,69
1591,AVENUE X,03/29/2021,906,552
1592,AVENUE X,03/30/2021,1056,648
1593,AVENUE X,03/31/2021,1045,608
1594,AVENUE X,04/01/2021,1019,614
1595,AVENUE X,04/02/2021,908,517
1596,NEPTUNE AV,03/27/2021,248,182
1597,NEPTUNE AV,03/28/2021,202,128
1598,NEPTUNE AV,03/29/2021,555,279
1599,NEPTUNE AV,03/30/2021,570,310
1600,NEPTUNE AV,03/31/2021,561,299
1601,NEPTUNE AV,04/01/2021,542,279
1602,NEPTUNE AV,04/02/2021,509,279
1603,57 ST,03/27/2021,2368,5026
1604,57 ST,03/28/2021,1191,2463
1605,57 ST,03/29/2021,2463,3184
1606,57 ST,03/30/2021,2943,3804
1607,57 ST,03/31/2021,2736,3640
1608,57 ST,04/01/2021,2708,3525
1609,57 ST,04/02/2021,2521,3241
1610,LEXINGTON AV/63,03/27/2021,3081,4573
1611,LEXINGTON AV/63,03/28/2021,1714,2638
1612,LEXINGTON AV/63,03/29/2021,5057,7053
1613,LEXINGTON AV/63,03/30/2021,5916,7744
1614,LEXINGTON AV/63,03/31/2021,5584,8114
1615,LEXINGTON AV/63,04/01/2021,5511,7446
1616,LEXINGTON AV/63,04/02/2021,4853,6632
1617,ROOSEVELT ISLND,03/27/2021,1996,2088
1618,ROOSEVELT ISLND,03/28/2021,1014,1154
1619,ROOSEVELT ISLND,03/29/2021,2211,2335
1620,ROOSEVELT ISLND,03/30/2021,2546,3212
1621,ROOSEVELT ISLND,03/31/2021,2149,2445
1622,ROOSEVELT ISLND,04/01/2021,2138,2255
1623,ROOSEVELT ISLND,04/02/2021,2220,2252
1624,21 ST-QNSBRIDGE,03/27/2021,2131,2239
1625,21 ST-QNSBRIDGE,03/28/2021,1316,1482
1626,21 ST-QNSBRIDGE,03/29/2021,3317,3408
1627,21 ST-QNSBRIDGE,03/30/2021,3650,3338
1628,21 ST-QNSBRIDGE,03/31/2021,3565,3358
1629,21 ST-QNSBRIDGE,04/01/2021,3545,3368
1630,21 ST-QNSBRIDGE,04/02/2021,3079,3109
1631,JAMAICA VAN WK,03/27/2021,1031,1106
1632,JAMAICA VAN WK,03/28/2021,597,728
1633,JAMAICA VAN WK,03/29/2021,1888,2388
1634,JAMAICA VAN WK,03/30/2021,1962,2347
1635,JAMAICA VAN WK,03/31/2021,1910,2446
1636,JAMAICA VAN WK,04/01/2021,1895,2335
1637,JAMAICA VAN WK,04/02/2021,1722,1997
1638,SUTPHIN-ARCHER,03/27/2021,5018,5360
1639,SUTPHIN-ARCHER,03/28/2021,3179,3567
1640,SUTPHIN-ARCHER,03/29/2021,8101,8634
1641,SUTPHIN-ARCHER,03/30/2021,8409,8836
1642,SUTPHIN-ARCHER,03/31/2021,8114,8915
1643,SUTPHIN-ARCHER,04/01/2021,8311,9099
1644,SUTPHIN-ARCHER,04/02/2021,7745,8532
1645,JAMAICA CENTER,03/27/2021,7248,7878
1646,JAMAICA CENTER,03/28/2021,4384,4946
1647,JAMAICA CENTER,03/29/2021,12269,12549
1648,JAMAICA CENTER,03/30/2021,13125,13412
1649,JAMAICA CENTER,03/31/2021,12684,12822
1650,JAMAICA CENTER,04/01/2021,12423,12819
1651,JAMAICA CENTER,04/02/2021,11301,11951
1652,72 ST-2 AVE,03/27/2021,3335,2742
1653,72 ST-2 AVE,03/28/2021,1915,1966
1654,72 ST-2 AVE,03/29/2021,8724,10039
1655,72 ST-2 AVE,03/30/2021,9574,11175
1656,72 ST-2 AVE,03/31/2021,9457,11011
1657,72 ST-2 AVE,04/01/2021,9332,10726
1658,72 ST-2 AVE,04/02/2021,8381,9795
1659,86 ST-2 AVE,03/27/2021,3268,2534
1660,86 ST-2 AVE,03/28/2021,1818,1661
1661,86 ST-2 AVE,03/29/2021,5630,5809
1662,86 ST-2 AVE,03/30/2021,6059,6341
1663,86 ST-2 AVE,03/31/2021,5977,6352
1664,86 ST-2 AVE,04/01/2021,6124,6311
1665,86 ST-2 AVE,04/02/2021,5813,6079
1666,96 ST-2 AVE,03/27/2021,2890,2159
1667,96 ST-2 AVE,03/28/2021,1742,1496
1668,96 ST-2 AVE,03/29/2021,5090,4853
1669,96 ST-2 AVE,03/30/2021,5404,5319
1670,96 ST-2 AVE,03/31/2021,5302,5155
1671,96 ST-2 AVE,04/01/2021,5289,5149
1672,96 ST-2 AVE,04/02/2021,5008,4829
1673,NEWARK HW BMEBE,03/27/2021,618,883
1674,NEWARK HW BMEBE,03/28/2021,219,443
1675,NEWARK HW BMEBE,03/29/2021,1641,1743
1676,NEWARK HW BMEBE,03/30/2021,1465,1875
1677,NEWARK HW BMEBE,03/31/2021,1279,1823
1678,NEWARK HW BMEBE,04/01/2021,979,1751
1679,NEWARK HW BMEBE,04/02/2021,638,1420
1680,HARRISON,03/27/2021,1666,1753
1681,HARRISON,03/28/2021,621,875
1682,HARRISON,03/29/2021,2106,2351
1683,HARRISON,03/30/2021,2314,2641
1684,HARRISON,03/31/2021,2186,2640
1685,HARRISON,04/01/2021,2226,2472
1686,HARRISON,04/02/2021,1974,2260
1687,JOURNAL SQUARE,03/27/2021,7182,6212
1688,JOURNAL SQUARE,03/28/2021,3719,3605
1689,JOURNAL SQUARE,03/29/2021,8779,6685
1690,JOURNAL SQUARE,03/30/2021,9338,7258
1691,JOURNAL SQUARE,03/31/2021,8927,7157
1692,JOURNAL SQUARE,04/01/2021,9211,7054
1693,JOURNAL SQUARE,04/02/2021,8435,6204
1694,GROVE STREET,03/27/2021,4894,5335
1695,GROVE STREET,03/28/2021,2028,2627
1696,GROVE STREET,03/29/2021,4400,5032
1697,GROVE STREET,03/30/2021,4643,5126
1698,GROVE STREET,03/31/2021,4436,5041
1699,GROVE STREET,04/01/2021,4738,5371
1700,GROVE STREET,04/02/2021,4796,5355
1701,EXCHANGE PLACE,03/27/2021,2756,3090
1702,EXCHANGE PLACE,03/28/2021,1011,1578
1703,EXCHANGE PLACE,03/29/2021,2839,3413
1704,EXCHANGE PLACE,03/30/2021,3126,3612
1705,EXCHANGE PLACE,03/31/2021,2958,3505
1706,EXCHANGE PLACE,04/01/2021,3050,3738
1707,EXCHANGE PLACE,04/02/2021,2850,3443
1708,PAVONIA/NEWPORT,03/27/2021,3443,3462
1709,PAVONIA/NEWPORT,03/28/2021,1396,1643
1710,PAVONIA/NEWPORT,03/29/2021,2632,3091
1711,PAVONIA/NEWPORT,03/30/2021,3029,3538
1712,PAVONIA/NEWPORT,03/31/2021,2648,3332
1713,PAVONIA/NEWPORT,04/01/2021,2835,3369
1714,PAVONIA/NEWPORT,04/02/2021,3071,3644
1715,CITY / BUS,03/27/2021,3622,3920
1716,CITY / BUS,03/28/2021,1336,1771
1717,CITY / BUS,03/29/2021,3126,3327
1718,CITY / BUS,03/30/2021,3545,3911
1719,CITY / BUS,03/31/2021,3272,3454
1720,CITY / BUS,04/01/2021,3435,3626
1721,CITY / BUS,04/02/2021,3677,3803
1722,CHRISTOPHER ST,03/27/2021,2923,4519
1723,CHRISTOPHER ST,03/28/2021,1355,1944
1724,CHRISTOPHER ST,03/29/2021,2564,3298
1725,CHRISTOPHER ST,03/30/2021,2946,3948
1726,CHRISTOPHER ST,03/31/2021,2575,3513
1727,CHRISTOPHER ST,04/01/2021,2841,3972
1728,CHRISTOPHER ST,04/02/2021,3106,4360
1729,9TH STREET,03/27/2021,1652,2236
1730,9TH STREET,03/28/2021,631,820
1731,9TH STREET,03/29/2021,931,1241
1732,9TH STREET,03/30/2021,974,1379
1733,9TH STREET,03/31/2021,947,1230
1734,9TH STREET,04/01/2021,941,1378
1735,9TH STREET,04/02/2021,1182,1506
1736,14TH STREET,03/27/2021,2353,2723
1737,14TH STREET,03/28/2021,981,1336
1738,14TH STREET,03/29/2021,2024,2674
1739,14TH STREET,03/30/2021,2260,2755
1740,14TH STREET,03/31/2021,2112,2686
1741,14TH STREET,04/01/2021,2220,2822
1742,14TH STREET,04/02/2021,1992,2642
1743,TWENTY THIRD ST,03/27/2021,1337,1900
1744,TWENTY THIRD ST,03/28/2021,597,896
1745,TWENTY THIRD ST,03/29/2021,1666,2251
1746,TWENTY THIRD ST,03/30/2021,1959,2448
1747,TWENTY THIRD ST,03/31/2021,1795,2329
1748,TWENTY THIRD ST,04/01/2021,1684,2345
1749,TWENTY THIRD ST,04/02/2021,1776,2394
1750,THIRTY ST,03/27/2021,1503,569
1751,THIRTY ST,03/28/2021,1112,1904
1752,THIRTY ST,03/29/2021,2779,3170
1753,THIRTY ST,03/30/2021,2872,3443
1754,THIRTY ST,03/31/2021,3095,3395
1755,THIRTY ST,04/01/2021,3228,3598
1756,THIRTY ST,04/02/2021,2395,3133
1757,LACKAWANNA,03/27/2021,1138,1180
1758,LACKAWANNA,03/28/2021,350,533
1759,LACKAWANNA,03/29/2021,1532,1647
1760,LACKAWANNA,03/30/2021,1649,1926
1761,LACKAWANNA,03/31/2021,1551,1831
1762,LACKAWANNA,04/01/2021,1477,1762
1763,LACKAWANNA,04/02/2021,1163,1546
1764,THIRTY THIRD ST,03/27/2021,4573,4773
1765,THIRTY THIRD ST,03/28/2021,1912,807
1766,THIRTY THIRD ST,03/29/2021,4515,3963
1767,THIRTY THIRD ST,03/30/2021,5106,4015
1768,THIRTY THIRD ST,03/31/2021,4737,3971
1769,THIRTY THIRD ST,04/01/2021,4622,3785
1770,THIRTY THIRD ST,04/02/2021,4273,3560
1771,NEWARK BM BW,03/27/2021,4148,563
1772,NEWARK BM BW,03/28/2021,2358,441
1773,NEWARK BM BW,03/29/2021,4632,476
1774,NEWARK BM BW,03/30/2021,5385,476
1775,NEWARK BM BW,03/31/2021,5389,547
1776,NEWARK BM BW,04/01/2021,5427,1570
1777,NEWARK BM BW,04/02/2021,5066,1364
1778,NEWARK C,03/27/2021,557,654
1779,NEWARK C,03/28/2021,350,486
1780,NEWARK C,03/29/2021,991,568
1781,NEWARK C,03/30/2021,1260,495
1782,NEWARK C,03/31/2021,1221,621
1783,NEWARK C,04/01/2021,1154,867
1784,NEWARK C,04/02/2021,976,691
1785,NEWARK HM HE,03/27/2021,0,4181
1786,NEWARK HM HE,03/28/2021,0,2392
1787,NEWARK HM HE,03/29/2021,697,4084
1788,NEWARK HM HE,03/30/2021,0,5485
1789,NEWARK HM HE,03/31/2021,2,6128
1790,NEWARK HM HE,04/01/2021,0,5601
1791,NEWARK HM HE,04/02/2021,11,4597
1792,PATH WTC 2,03/27/2021,1142,2259
1793,PATH WTC 2,03/28/2021,629,1088
1794,PATH WTC 2,03/29/2021,1109,3031
1795,PATH WTC 2,03/30/2021,1241,3496
1796,PATH WTC 2,03/31/2021,1240,3367
1797,PATH WTC 2,04/01/2021,1188,3125
1798,PATH WTC 2,04/02/2021,1127,3273
1799,PATH NEW WTC,03/27/2021,8597,10595
1800,PATH NEW WTC,03/28/2021,4298,5305
1801,PATH NEW WTC,03/29/2021,12386,12911
1802,PATH NEW WTC,03/30/2021,13380,13997
1803,PATH NEW WTC,03/31/2021,12533,12822
1804,PATH NEW WTC,04/01/2021,12651,13421
1805,PATH NEW WTC,04/02/2021,11760,12122
1806,SOUTH FERRY,03/27/2021,2256,2798
1807,SOUTH FERRY,03/28/2021,1287,1579
1808,SOUTH FERRY,03/29/2021,3334,3406
1809,SOUTH FERRY,03/30/2021,3722,3970
1810,SOUTH FERRY,03/31/2021,3171,3214
1811,SOUTH FERRY,04/01/2021,3113,3206
1812,SOUTH FERRY,04/02/2021,3156,3288
1813,WTC-CORTLANDT,03/27/2021,1719,1612
1814,WTC-CORTLANDT,03/28/2021,882,1015
1815,WTC-CORTLANDT,03/29/2021,2056,2354
1816,WTC-CORTLANDT,03/30/2021,2219,2445
1817,WTC-CORTLANDT,03/31/2021,1956,2243
1818,WTC-CORTLANDT,04/01/2021,2114,2562
1819,WTC-CORTLANDT,04/02/2021,2186,2528
1820,WALL ST,03/27/2021,4210,4332
1821,WALL ST,03/28/2021,2938,2552
1822,WALL ST,03/29/2021,7428,7312
1823,WALL ST,03/30/2021,8176,8060
1824,WALL ST,03/31/2021,7997,7843
1825,WALL ST,04/01/2021,7900,7749
1826,WALL ST,04/02/2021,6696,6463
1827,FRANKLIN ST,03/27/2021,486,425
1828,FRANKLIN ST,03/28/2021,299,299
1829,FRANKLIN ST,03/29/2021,843,875
1830,FRANKLIN ST,03/30/2021,951,780
1831,FRANKLIN ST,03/31/2021,921,789
1832,FRANKLIN ST,04/01/2021,895,893
1833,FRANKLIN ST,04/02/2021,861,771
1834,HOUSTON ST,03/27/2021,1371,1526
1835,HOUSTON ST,03/28/2021,763,878
1836,HOUSTON ST,03/29/2021,2472,2382
1837,HOUSTON ST,03/30/2021,2633,2691
1838,HOUSTON ST,03/31/2021,2552,2434
1839,HOUSTON ST,04/01/2021,2480,2563
1840,HOUSTON ST,04/02/2021,2339,2580
1841,18 ST,03/27/2021,887,1444
1842,18 ST,03/28/2021,504,803
1843,18 ST,03/29/2021,1273,1267
1844,18 ST,03/30/2021,1471,1460
1845,18 ST,03/31/2021,1365,1344
1846,18 ST,04/01/2021,1341,1384
1847,18 ST,04/02/2021,1416,1518
1848,66 ST-LINCOLN,03/27/2021,1658,2166
1849,66 ST-LINCOLN,03/28/2021,906,1485
1850,66 ST-LINCOLN,03/29/2021,3376,5075
1851,66 ST-LINCOLN,03/30/2021,3806,5434
1852,66 ST-LINCOLN,03/31/2021,3908,5534
1853,66 ST-LINCOLN,04/01/2021,3720,5339
1854,66 ST-LINCOLN,04/02/2021,3495,4956
1855,116 ST-COLUMBIA,03/27/2021,1554,1430
1856,116 ST-COLUMBIA,03/28/2021,785,855
1857,116 ST-COLUMBIA,03/29/2021,2144,2042
1858,116 ST-COLUMBIA,03/30/2021,2365,2222
1859,116 ST-COLUMBIA,03/31/2021,2296,2168
1860,116 ST-COLUMBIA,04/01/2021,2339,2195
1861,116 ST-COLUMBIA,04/02/2021,2096,1919
1862,137 ST CITY COL,03/27/2021,3721,4279
1863,137 ST CITY COL,03/28/2021,2316,3079
1864,137 ST CITY COL,03/29/2021,3791,4331
1865,137 ST CITY COL,03/30/2021,4161,4643
1866,137 ST CITY COL,03/31/2021,3870,4385
1867,137 ST CITY COL,04/01/2021,4121,4730
1868,137 ST CITY COL,04/02/2021,4089,4593
1869,157 ST,03/27/2021,2528,1454
1870,157 ST,03/28/2021,1619,1495
1871,157 ST,03/29/2021,3756,3261
1872,157 ST,03/30/2021,3859,3322
1873,157 ST,03/31/2021,3703,3318
1874,157 ST,04/01/2021,3757,3339
1875,157 ST,04/02/2021,3492,3154
1876,191 ST,03/27/2021,1747,2715
1877,191 ST,03/28/2021,1258,1880
1878,191 ST,03/29/2021,3002,4212
1879,191 ST,03/30/2021,2373,4288
1880,191 ST,03/31/2021,2959,4107
1881,191 ST,04/01/2021,2482,4009
1882,191 ST,04/02/2021,2669,3698
1883,207 ST,03/27/2021,1311,839
1884,207 ST,03/28/2021,802,603
1885,207 ST,03/29/2021,2265,1097
1886,207 ST,03/30/2021,2458,1374
1887,207 ST,03/31/2021,2275,1267
1888,207 ST,04/01/2021,2250,1199
1889,207 ST,04/02/2021,1974,1070
1890,215 ST,03/27/2021,338,211
1891,215 ST,03/28/2021,217,118
1892,215 ST,03/29/2021,535,294
1893,215 ST,03/30/2021,542,298
1894,215 ST,03/31/2021,503,252
1895,215 ST,04/01/2021,531,249
1896,215 ST,04/02/2021,470,247
1897,MARBLE HILL-225,03/27/2021,1111,242
1898,MARBLE HILL-225,03/28/2021,718,201
1899,MARBLE HILL-225,03/29/2021,1853,454
1900,MARBLE HILL-225,03/30/2021,1974,495
1901,MARBLE HILL-225,03/31/2021,1920,371
1902,MARBLE HILL-225,04/01/2021,1858,377
1903,MARBLE HILL-225,04/02/2021,1680,413
1904,231 ST,03/27/2021,1883,416
1905,231 ST,03/28/2021,1125,337
1906,231 ST,03/29/2021,3013,679
1907,231 ST,03/30/2021,3446,679
1908,231 ST,03/31/2021,3285,616
1909,231 ST,04/01/2021,3286,628
1910,231 ST,04/02/2021,3006,631
1911,238 ST,03/27/2021,920,105
1912,238 ST,03/28/2021,518,78
1913,238 ST,03/29/2021,1337,165
1914,238 ST,03/30/2021,1583,167
1915,238 ST,03/31/2021,1439,179
1916,238 ST,04/01/2021,1553,166
1917,238 ST,04/02/2021,1351,144
1918,V.CORTLANDT PK,03/27/2021,1492,948
1919,V.CORTLANDT PK,03/28/2021,739,467
1920,V.CORTLANDT PK,03/29/2021,2611,1209
1921,V.CORTLANDT PK,03/30/2021,2885,1372
1922,V.CORTLANDT PK,03/31/2021,2807,1297
1923,V.CORTLANDT PK,04/01/2021,2693,1270
1924,V.CORTLANDT PK,04/02/2021,2291,1143
1925,BOWLING GREEN,03/27/2021,2711,4291
1926,BOWLING GREEN,03/28/2021,1357,2105
1927,BOWLING GREEN,03/29/2021,5250,6345
1928,BOWLING GREEN,03/30/2021,5880,7401
1929,BOWLING GREEN,03/31/2021,5510,6686
1930,BOWLING GREEN,04/01/2021,5446,6651
1931,BOWLING GREEN,04/02/2021,4912,6079
1932,BROOKLYN BRIDGE,03/27/2021,1978,2292
1933,BROOKLYN BRIDGE,03/28/2021,900,1158
1934,BROOKLYN BRIDGE,03/29/2021,3291,3709
1935,BROOKLYN BRIDGE,03/30/2021,3695,4141
1936,BROOKLYN BRIDGE,03/31/2021,3255,3886
1937,BROOKLYN BRIDGE,04/01/2021,3337,3723
1938,BROOKLYN BRIDGE,04/02/2021,2820,3343
1939,BLEECKER ST,03/27/2021,2447,1663
1940,BLEECKER ST,03/28/2021,1566,1100
1941,BLEECKER ST,03/29/2021,2714,1653
1942,BLEECKER ST,03/30/2021,2945,1774
1943,BLEECKER ST,03/31/2021,2763,1675
1944,BLEECKER ST,04/01/2021,2929,1873
1945,BLEECKER ST,04/02/2021,3078,1906
1946,ASTOR PL,03/27/2021,2452,5179
1947,ASTOR PL,03/28/2021,1343,2603
1948,ASTOR PL,03/29/2021,2572,4247
1949,ASTOR PL,03/30/2021,2832,4952
1950,ASTOR PL,03/31/2021,2638,4755
1951,ASTOR PL,04/01/2021,2769,5131
1952,ASTOR PL,04/02/2021,2713,5569
1953,33 ST,03/27/2021,3572,4616
1954,33 ST,03/28/2021,1919,2597
1955,33 ST,03/29/2021,6476,7531
1956,33 ST,03/30/2021,7132,7980
1957,33 ST,03/31/2021,7064,7946
1958,33 ST,04/01/2021,7106,8240
1959,33 ST,04/02/2021,6333,7661
1960,GRD CNTRL-42 ST,03/27/2021,13866,19430
1961,GRD CNTRL-42 ST,03/28/2021,9580,11610
1962,GRD CNTRL-42 ST,03/29/2021,25242,32073
1963,GRD CNTRL-42 ST,03/30/2021,26716,34134
1964,GRD CNTRL-42 ST,03/31/2021,24200,34356
1965,GRD CNTRL-42 ST,04/01/2021,23852,33984
1966,GRD CNTRL-42 ST,04/02/2021,20883,30361
1967,51 ST,03/27/2021,1831,3173
1968,51 ST,03/28/2021,1099,2028
1969,51 ST,03/29/2021,2988,5297
1970,51 ST,03/30/2021,3243,5443
1971,51 ST,03/31/2021,3302,5417
1972,51 ST,04/01/2021,3166,5359
1973,51 ST,04/02/2021,2738,4728
1974,68ST-HUNTER CO,03/27/2021,2905,4432
1975,68ST-HUNTER CO,03/28/2021,1567,2443
1976,68ST-HUNTER CO,03/29/2021,5658,7627
1977,68ST-HUNTER CO,03/30/2021,6279,7810
1978,68ST-HUNTER CO,03/31/2021,5976,7877
1979,68ST-HUNTER CO,04/01/2021,6113,7807
1980,68ST-HUNTER CO,04/02/2021,5156,6716
1981,110 ST,03/27/2021,2652,3490
1982,110 ST,03/28/2021,1596,2299
1983,110 ST,03/29/2021,3572,4289
1984,110 ST,03/30/2021,3732,4702
1985,110 ST,03/31/2021,3583,4665
1986,110 ST,04/01/2021,3677,4531
1987,110 ST,04/02/2021,3565,4420
1988,138/GRAND CONC,03/27/2021,855,1098
1989,138/GRAND CONC,03/28/2021,537,738
1990,138/GRAND CONC,03/29/2021,1381,1558
1991,138/GRAND CONC,03/30/2021,1433,1618
1992,138/GRAND CONC,03/31/2021,1408,1605
1993,138/GRAND CONC,04/01/2021,1295,1619
1994,138/GRAND CONC,04/02/2021,1246,1502
1995,149/GRAND CONC,03/27/2021,2898,2959
1996,149/GRAND CONC,03/28/2021,1873,1981
1997,149/GRAND CONC,03/29/2021,4123,3934
1998,149/GRAND CONC,03/30/2021,4369,4155
1999,149/GRAND CONC,03/31/2021,4133,3972
2000,149/GRAND CONC,04/01/2021,4047,3882
2001,149/GRAND CONC,04/02/2021,3964,3655
2002,MT EDEN AV,03/27/2021,1323,1312
2003,MT EDEN AV,03/28/2021,885,837
2004,MT EDEN AV,03/29/2021,2022,1620
2005,MT EDEN AV,03/30/2021,2088,1705
2006,MT EDEN AV,03/31/2021,2097,1709
2007,MT EDEN AV,04/01/2021,2238,1888
2008,MT EDEN AV,04/02/2021,1951,1603
2009,176 ST,03/27/2021,1451,1413
2010,176 ST,03/28/2021,977,1003
2011,176 ST,03/29/2021,2123,1614
2012,176 ST,03/30/2021,2220,1681
2013,176 ST,03/31/2021,2027,1663
2014,176 ST,04/01/2021,2181,1798
2015,176 ST,04/02/2021,1909,1391
2016,BURNSIDE AV,03/27/2021,3011,2882
2017,BURNSIDE AV,03/28/2021,1768,1487
2018,BURNSIDE AV,03/29/2021,3673,2627
2019,BURNSIDE AV,03/30/2021,3957,2774
2020,BURNSIDE AV,03/31/2021,3945,2878
2021,BURNSIDE AV,04/01/2021,3990,2804
2022,BURNSIDE AV,04/02/2021,3635,2460
2023,183 ST,03/27/2021,2023,1220
2024,183 ST,03/28/2021,1300,907
2025,183 ST,03/29/2021,2519,1581
2026,183 ST,03/30/2021,2574,1611
2027,183 ST,03/31/2021,2560,1525
2028,183 ST,04/01/2021,2560,1544
2029,183 ST,04/02/2021,2215,1330
2030,MOSHOLU PKWY,03/27/2021,2341,1074
2031,MOSHOLU PKWY,03/28/2021,1557,687
2032,MOSHOLU PKWY,03/29/2021,3447,1303
2033,MOSHOLU PKWY,03/30/2021,3519,1412
2034,MOSHOLU PKWY,03/31/2021,3444,1396
2035,MOSHOLU PKWY,04/01/2021,3574,1296
2036,MOSHOLU PKWY,04/02/2021,3209,1110
2037,WOODLAWN,03/27/2021,1855,875
2038,WOODLAWN,03/28/2021,1009,590
2039,WOODLAWN,03/29/2021,2612,882
2040,WOODLAWN,03/30/2021,2837,1021
2041,WOODLAWN,03/31/2021,2773,989
2042,WOODLAWN,04/01/2021,2759,980
2043,WOODLAWN,04/02/2021,2386,881
2044,CENTRAL PK N110,03/27/2021,1954,2430
2045,CENTRAL PK N110,03/28/2021,1097,1518
2046,CENTRAL PK N110,03/29/2021,2244,2765
2047,CENTRAL PK N110,03/30/2021,2446,3139
2048,CENTRAL PK N110,03/31/2021,2216,2721
2049,CENTRAL PK N110,04/01/2021,2273,2723
2050,CENTRAL PK N110,04/02/2021,2241,2847
2051,HARLEM 148 ST,03/27/2021,1,8
2052,HARLEM 148 ST,03/28/2021,3,0
2053,HARLEM 148 ST,03/29/2021,1147,1020
2054,HARLEM 148 ST,03/30/2021,1161,785
2055,HARLEM 148 ST,03/31/2021,1182,805
2056,HARLEM 148 ST,04/01/2021,1135,1072
2057,HARLEM 148 ST,04/02/2021,1204,1141
2058,3 AV-149 ST,03/27/2021,5611,4603
2059,3 AV-149 ST,03/28/2021,3374,3109
2060,3 AV-149 ST,03/29/2021,8010,6619
2061,3 AV-149 ST,03/30/2021,8470,6967
2062,3 AV-149 ST,03/31/2021,8307,6716
2063,3 AV-149 ST,04/01/2021,8124,6871
2064,3 AV-149 ST,04/02/2021,7593,6345
2065,JACKSON AV,03/27/2021,1586,441
2066,JACKSON AV,03/28/2021,953,243
2067,JACKSON AV,03/29/2021,1744,398
2068,JACKSON AV,03/30/2021,1878,457
2069,JACKSON AV,03/31/2021,1792,425
2070,JACKSON AV,04/01/2021,2061,452
2071,JACKSON AV,04/02/2021,1909,483
2072,INTERVALE AV,03/27/2021,922,1072
2073,INTERVALE AV,03/28/2021,572,778
2074,INTERVALE AV,03/29/2021,1177,1473
2075,INTERVALE AV,03/30/2021,1291,1485
2076,INTERVALE AV,03/31/2021,1269,1500
2077,INTERVALE AV,04/01/2021,1344,1562
2078,INTERVALE AV,04/02/2021,1197,1368
2079,SIMPSON ST,03/27/2021,2430,1048
2080,SIMPSON ST,03/28/2021,1531,690
2081,SIMPSON ST,03/29/2021,3249,1233
2082,SIMPSON ST,03/30/2021,3414,1337
2083,SIMPSON ST,03/31/2021,3442,1159
2084,SIMPSON ST,04/01/2021,3493,1269
2085,SIMPSON ST,04/02/2021,3038,1158
2086,FREEMAN ST,03/27/2021,1368,1463
2087,FREEMAN ST,03/28/2021,784,931
2088,FREEMAN ST,03/29/2021,1730,1925
2089,FREEMAN ST,03/30/2021,1811,2023
2090,FREEMAN ST,03/31/2021,1747,1989
2091,FREEMAN ST,04/01/2021,1713,2004
2092,FREEMAN ST,04/02/2021,1660,1862
2093,174 ST,03/27/2021,1932,2361
2094,174 ST,03/28/2021,1186,1659
2095,174 ST,03/29/2021,2550,3138
2096,174 ST,03/30/2021,2601,3171
2097,174 ST,03/31/2021,2577,3195
2098,174 ST,04/01/2021,2658,3080
2099,174 ST,04/02/2021,2431,3025
2100,WEST FARMS SQ,03/27/2021,2022,2495
2101,WEST FARMS SQ,03/28/2021,1266,1805
2102,WEST FARMS SQ,03/29/2021,2900,3111
2103,WEST FARMS SQ,03/30/2021,2762,3228
2104,WEST FARMS SQ,03/31/2021,2943,3138
2105,WEST FARMS SQ,04/01/2021,2589,3038
2106,WEST FARMS SQ,04/02/2021,2609,2921
2107,E 180 ST,03/27/2021,1951,1894
2108,E 180 ST,03/28/2021,1227,1233
2109,E 180 ST,03/29/2021,2769,2816
2110,E 180 ST,03/30/2021,3000,3070
2111,E 180 ST,03/31/2021,2937,3042
2112,E 180 ST,04/01/2021,2910,3005
2113,E 180 ST,04/02/2021,2715,2597
2114,BRONX PARK EAST,03/27/2021,619,380
2115,BRONX PARK EAST,03/28/2021,436,302
2116,BRONX PARK EAST,03/29/2021,938,496
2117,BRONX PARK EAST,03/30/2021,1025,538
2118,BRONX PARK EAST,03/31/2021,966,550
2119,BRONX PARK EAST,04/01/2021,960,567
2120,BRONX PARK EAST,04/02/2021,871,516
2121,PELHAM PKWY,03/27/2021,2908,2394
2122,PELHAM PKWY,03/28/2021,1700,1599
2123,PELHAM PKWY,03/29/2021,4277,3451
2124,PELHAM PKWY,03/30/2021,4654,3580
2125,PELHAM PKWY,03/31/2021,4612,3615
2126,PELHAM PKWY,04/01/2021,4463,3510
2127,PELHAM PKWY,04/02/2021,4204,3132
2128,ALLERTON AV,03/27/2021,1463,925
2129,ALLERTON AV,03/28/2021,897,572
2130,ALLERTON AV,03/29/2021,2032,1144
2131,ALLERTON AV,03/30/2021,2057,1174
2132,ALLERTON AV,03/31/2021,2065,1099
2133,ALLERTON AV,04/01/2021,2034,1116
2134,ALLERTON AV,04/02/2021,1958,1027
2135,BURKE AV,03/27/2021,882,523
2136,BURKE AV,03/28/2021,524,270
2137,BURKE AV,03/29/2021,1268,648
2138,BURKE AV,03/30/2021,1279,655
2139,BURKE AV,03/31/2021,1327,647
2140,BURKE AV,04/01/2021,1328,681
2141,BURKE AV,04/02/2021,1252,623
2142,GUN HILL RD,03/27/2021,2957,4106
2143,GUN HILL RD,03/28/2021,1589,2143
2144,GUN HILL RD,03/29/2021,4423,5770
2145,GUN HILL RD,03/30/2021,4390,6070
2146,GUN HILL RD,03/31/2021,4466,6166
2147,GUN HILL RD,04/01/2021,4614,6100
2148,GUN HILL RD,04/02/2021,4135,5389
2149,219 ST,03/27/2021,816,623
2150,219 ST,03/28/2021,590,443
2151,219 ST,03/29/2021,1094,752
2152,219 ST,03/30/2021,1203,738
2153,219 ST,03/31/2021,1139,790
2154,219 ST,04/01/2021,1149,752
2155,219 ST,04/02/2021,1119,664
2156,225 ST,03/27/2021,1148,785
2157,225 ST,03/28/2021,738,582
2158,225 ST,03/29/2021,1521,1059
2159,225 ST,03/30/2021,1520,1103
2160,225 ST,03/31/2021,1490,972
2161,225 ST,04/01/2021,1578,1054
2162,225 ST,04/02/2021,1470,1014
2163,233 ST,03/27/2021,1377,625
2164,233 ST,03/28/2021,882,433
2165,233 ST,03/29/2021,2092,827
2166,233 ST,03/30/2021,2196,856
2167,233 ST,03/31/2021,2053,798
2168,233 ST,04/01/2021,2147,904
2169,233 ST,04/02/2021,1958,813
2170,NEREID AV,03/27/2021,845,556
2171,NEREID AV,03/28/2021,485,282
2172,NEREID AV,03/29/2021,1415,764
2173,NEREID AV,03/30/2021,1405,794
2174,NEREID AV,03/31/2021,1417,744
2175,NEREID AV,04/01/2021,1321,688
2176,NEREID AV,04/02/2021,1191,667
2177,WAKEFIELD/241,03/27/2021,1496,1904
2178,WAKEFIELD/241,03/28/2021,1001,1318
2179,WAKEFIELD/241,03/29/2021,1954,2428
2180,WAKEFIELD/241,03/30/2021,1988,2415
2181,WAKEFIELD/241,03/31/2021,2029,2253
2182,WAKEFIELD/241,04/01/2021,2036,2410
2183,WAKEFIELD/241,04/02/2021,1855,2272
2184,3 AV 138 ST,03/27/2021,2202,2031
2185,3 AV 138 ST,03/28/2021,1411,1375
2186,3 AV 138 ST,03/29/2021,3269,3011
2187,3 AV 138 ST,03/30/2021,3327,2946
2188,3 AV 138 ST,03/31/2021,3250,2963
2189,3 AV 138 ST,04/01/2021,3379,2969
2190,3 AV 138 ST,04/02/2021,2981,2671
2191,BROOK AV,03/27/2021,1868,2202
2192,BROOK AV,03/28/2021,1249,1630
2193,BROOK AV,03/29/2021,2623,2946
2194,BROOK AV,03/30/2021,2669,2967
2195,BROOK AV,03/31/2021,2061,2856
2196,BROOK AV,04/01/2021,2468,3145
2197,BROOK AV,04/02/2021,2495,2728
2198,CYPRESS AV,03/27/2021,881,893
2199,CYPRESS AV,03/28/2021,507,572
2200,CYPRESS AV,03/29/2021,1428,1403
2201,CYPRESS AV,03/30/2021,1401,1382
2202,CYPRESS AV,03/31/2021,1368,1357
2203,CYPRESS AV,04/01/2021,1383,1416
2204,CYPRESS AV,04/02/2021,1166,1204
2205,E 143/ST MARY'S,03/27/2021,258,359
2206,E 143/ST MARY'S,03/28/2021,158,244
2207,E 143/ST MARY'S,03/29/2021,392,510
2208,E 143/ST MARY'S,03/30/2021,374,532
2209,E 143/ST MARY'S,03/31/2021,377,473
2210,E 143/ST MARY'S,04/01/2021,425,626
2211,E 143/ST MARY'S,04/02/2021,354,475
2212,E 149 ST,03/27/2021,1393,1672
2213,E 149 ST,03/28/2021,884,1087
2214,E 149 ST,03/29/2021,1955,2343
2215,E 149 ST,03/30/2021,2000,2349
2216,E 149 ST,03/31/2021,2059,2185
2217,E 149 ST,04/01/2021,2023,2165
2218,E 149 ST,04/02/2021,1874,1951
2219,LONGWOOD AV,03/27/2021,814,1031
2220,LONGWOOD AV,03/28/2021,498,639
2221,LONGWOOD AV,03/29/2021,1302,1387
2222,LONGWOOD AV,03/30/2021,1361,1484
2223,LONGWOOD AV,03/31/2021,1361,1514
2224,LONGWOOD AV,04/01/2021,1397,1546
2225,LONGWOOD AV,04/02/2021,1237,1276
2226,HUNTS POINT AV,03/27/2021,2732,2912
2227,HUNTS POINT AV,03/28/2021,1704,1925
2228,HUNTS POINT AV,03/29/2021,4063,4124
2229,HUNTS POINT AV,03/30/2021,4309,4370
2230,HUNTS POINT AV,03/31/2021,4138,4019
2231,HUNTS POINT AV,04/01/2021,4216,4325
2232,HUNTS POINT AV,04/02/2021,3821,3706
2233,WHITLOCK AV,03/27/2021,525,722
2234,WHITLOCK AV,03/28/2021,320,472
2235,WHITLOCK AV,03/29/2021,789,883
2236,WHITLOCK AV,03/30/2021,799,948
2237,WHITLOCK AV,03/31/2021,809,923
2238,WHITLOCK AV,04/01/2021,736,913
2239,WHITLOCK AV,04/02/2021,689,785
2240,ELDER AV,03/27/2021,2324,2581
2241,ELDER AV,03/28/2021,1292,1686
2242,ELDER AV,03/29/2021,2859,3221
2243,ELDER AV,03/30/2021,3054,3450
2244,ELDER AV,03/31/2021,2785,3143
2245,ELDER AV,04/01/2021,2984,3232
2246,ELDER AV,04/02/2021,2769,3036
2247,MORISN AV/SNDVW,03/27/2021,1936,2080
2248,MORISN AV/SNDVW,03/28/2021,1219,1531
2249,MORISN AV/SNDVW,03/29/2021,2655,2710
2250,MORISN AV/SNDVW,03/30/2021,2666,2612
2251,MORISN AV/SNDVW,03/31/2021,2585,2604
2252,MORISN AV/SNDVW,04/01/2021,2689,2508
2253,MORISN AV/SNDVW,04/02/2021,2429,2454
2254,ST LAWRENCE AV,03/27/2021,1245,1388
2255,ST LAWRENCE AV,03/28/2021,928,1048
2256,ST LAWRENCE AV,03/29/2021,1674,1620
2257,ST LAWRENCE AV,03/30/2021,1792,1702
2258,ST LAWRENCE AV,03/31/2021,1707,1668
2259,ST LAWRENCE AV,04/01/2021,1676,1638
2260,ST LAWRENCE AV,04/02/2021,1611,1561
2261,PARKCHESTER,03/27/2021,3952,4387
2262,PARKCHESTER,03/28/2021,2272,2681
2263,PARKCHESTER,03/29/2021,5680,6680
2264,PARKCHESTER,03/30/2021,6108,7085
2265,PARKCHESTER,03/31/2021,5862,6581
2266,PARKCHESTER,04/01/2021,5721,6666
2267,PARKCHESTER,04/02/2021,5270,6194
2268,CASTLE HILL AV,03/27/2021,1699,2263
2269,CASTLE HILL AV,03/28/2021,1030,1467
2270,CASTLE HILL AV,03/29/2021,2374,2720
2271,CASTLE HILL AV,03/30/2021,2484,2920
2272,CASTLE HILL AV,03/31/2021,2411,2810
2273,CASTLE HILL AV,04/01/2021,2451,2924
2274,CASTLE HILL AV,04/02/2021,2282,2642
2275,ZEREGA AV,03/27/2021,764,814
2276,ZEREGA AV,03/28/2021,524,575
2277,ZEREGA AV,03/29/2021,1181,1224
2278,ZEREGA AV,03/30/2021,1259,1203
2279,ZEREGA AV,03/31/2021,1174,1202
2280,ZEREGA AV,04/01/2021,1209,1226
2281,ZEREGA AV,04/02/2021,1017,1111
2282,WESTCHESTER SQ,03/27/2021,1280,1621
2283,WESTCHESTER SQ,03/28/2021,682,963
2284,WESTCHESTER SQ,03/29/2021,2231,2703
2285,WESTCHESTER SQ,03/30/2021,2322,2790
2286,WESTCHESTER SQ,03/31/2021,2279,2720
2287,WESTCHESTER SQ,04/01/2021,2177,2587
2288,WESTCHESTER SQ,04/02/2021,1976,2366
2289,MIDDLETOWN RD,03/27/2021,365,500
2290,MIDDLETOWN RD,03/28/2021,195,311
2291,MIDDLETOWN RD,03/29/2021,668,792
2292,MIDDLETOWN RD,03/30/2021,704,821
2293,MIDDLETOWN RD,03/31/2021,698,846
2294,MIDDLETOWN RD,04/01/2021,664,790
2295,MIDDLETOWN RD,04/02/2021,594,728
2296,BUHRE AV,03/27/2021,1396,1395
2297,BUHRE AV,03/28/2021,1017,988
2298,BUHRE AV,03/29/2021,1905,1998
2299,BUHRE AV,03/30/2021,1936,1991
2300,BUHRE AV,03/31/2021,1896,2086
2301,BUHRE AV,04/01/2021,1876,2036
2302,BUHRE AV,04/02/2021,1803,1881
2303,PELHAM BAY PARK,03/27/2021,1734,1686
2304,PELHAM BAY PARK,03/28/2021,983,1014
2305,PELHAM BAY PARK,03/29/2021,2587,2017
2306,PELHAM BAY PARK,03/30/2021,2676,2094
2307,PELHAM BAY PARK,03/31/2021,2660,1940
2308,PELHAM BAY PARK,04/01/2021,2529,1976
2309,PELHAM BAY PARK,04/02/2021,2401,1968
2310,5 AVE,03/27/2021,1505,1817
2311,5 AVE,03/28/2021,704,898
2312,5 AVE,03/29/2021,2666,2937
2313,5 AVE,03/30/2021,2901,3143
2314,5 AVE,03/31/2021,2601,3079
2315,5 AVE,04/01/2021,2637,3074
2316,5 AVE,04/02/2021,2373,2807
2317,VERNON-JACKSON,03/27/2021,2929,3894
2318,VERNON-JACKSON,03/28/2021,1492,1907
2319,VERNON-JACKSON,03/29/2021,3803,4067
2320,VERNON-JACKSON,03/30/2021,4096,4653
2321,VERNON-JACKSON,03/31/2021,3820,4128
2322,VERNON-JACKSON,04/01/2021,3986,4372
2323,VERNON-JACKSON,04/02/2021,3777,4224
2324,HUNTERS PT AV,03/27/2021,413,550
2325,HUNTERS PT AV,03/28/2021,179,271
2326,HUNTERS PT AV,03/29/2021,1678,1812
2327,HUNTERS PT AV,03/30/2021,1734,1941
2328,HUNTERS PT AV,03/31/2021,1657,1839
2329,HUNTERS PT AV,04/01/2021,1641,1862
2330,HUNTERS PT AV,04/02/2021,1217,1377
2331,QUEENSBORO PLZ,03/27/2021,3078,1368
2332,QUEENSBORO PLZ,03/28/2021,1567,802
2333,QUEENSBORO PLZ,03/29/2021,3375,1626
2334,QUEENSBORO PLZ,03/30/2021,3554,1674
2335,QUEENSBORO PLZ,03/31/2021,3686,1693
2336,QUEENSBORO PLZ,04/01/2021,3559,1647
2337,QUEENSBORO PLZ,04/02/2021,3375,1549
2338,39 AV,03/27/2021,575,776
2339,39 AV,03/28/2021,336,443
2340,39 AV,03/29/2021,918,1223
2341,39 AV,03/30/2021,918,1321
2342,39 AV,03/31/2021,934,1398
2343,39 AV,04/01/2021,914,1307
2344,39 AV,04/02/2021,855,1166
2345,36 AV,03/27/2021,1507,1826
2346,36 AV,03/28/2021,855,1127
2347,36 AV,03/29/2021,1978,2398
2348,36 AV,03/30/2021,2162,2697
2349,36 AV,03/31/2021,2144,2780
2350,36 AV,04/01/2021,2065,2605
2351,36 AV,04/02/2021,1957,2515
2352,30 AV,03/27/2021,3073,3251
2353,30 AV,03/28/2021,1687,2052
2354,30 AV,03/29/2021,3937,4389
2355,30 AV,03/30/2021,4444,4572
2356,30 AV,03/31/2021,4044,4599
2357,30 AV,04/01/2021,4313,4570
2358,30 AV,04/02/2021,4058,4309
2359,ASTORIA BLVD,03/27/2021,2255,2230
2360,ASTORIA BLVD,03/28/2021,1267,1372
2361,ASTORIA BLVD,03/29/2021,2888,2860
2362,ASTORIA BLVD,03/30/2021,3109,3065
2363,ASTORIA BLVD,03/31/2021,3061,3116
2364,ASTORIA BLVD,04/01/2021,3112,2988
2365,ASTORIA BLVD,04/02/2021,2949,2824
2366,ASTORIA DITMARS,03/27/2021,3450,3840
2367,ASTORIA DITMARS,03/28/2021,1853,2452
2368,ASTORIA DITMARS,03/29/2021,4529,5238
2369,ASTORIA DITMARS,03/30/2021,4814,5608
2370,ASTORIA DITMARS,03/31/2021,4455,5518
2371,ASTORIA DITMARS,04/01/2021,4705,5383
2372,ASTORIA DITMARS,04/02/2021,4384,5285
2373,33 ST-RAWSON ST,03/27/2021,718,932
2374,33 ST-RAWSON ST,03/28/2021,435,561
2375,33 ST-RAWSON ST,03/29/2021,2129,2654
2376,33 ST-RAWSON ST,03/30/2021,2155,2690
2377,33 ST-RAWSON ST,03/31/2021,2183,2693
2378,33 ST-RAWSON ST,04/01/2021,2163,2575
2379,33 ST-RAWSON ST,04/02/2021,1594,1985
2380,40 ST LOWERY ST,03/27/2021,2213,2497
2381,40 ST LOWERY ST,03/28/2021,1264,1549
2382,40 ST LOWERY ST,03/29/2021,2878,3315
2383,40 ST LOWERY ST,03/30/2021,3102,3333
2384,40 ST LOWERY ST,03/31/2021,2912,3116
2385,40 ST LOWERY ST,04/01/2021,3018,3225
2386,40 ST LOWERY ST,04/02/2021,2785,2942
2387,46 ST BLISS ST,03/27/2021,3456,3408
2388,46 ST BLISS ST,03/28/2021,2030,2262
2389,46 ST BLISS ST,03/29/2021,4289,4230
2390,46 ST BLISS ST,03/30/2021,4497,4430
2391,46 ST BLISS ST,03/31/2021,4455,4312
2392,46 ST BLISS ST,04/01/2021,4452,4363
2393,46 ST BLISS ST,04/02/2021,4142,3982
2394,52 ST,03/27/2021,1643,1841
2395,52 ST,03/28/2021,1065,1206
2396,52 ST,03/29/2021,2239,2543
2397,52 ST,03/30/2021,2419,2800
2398,52 ST,03/31/2021,2373,2487
2399,52 ST,04/01/2021,2306,2440
2400,52 ST,04/02/2021,2049,2164
2401,61 ST WOODSIDE,03/27/2021,4868,5690
2402,61 ST WOODSIDE,03/28/2021,3116,3549
2403,61 ST WOODSIDE,03/29/2021,6357,7736
2404,61 ST WOODSIDE,03/30/2021,6835,8175
2405,61 ST WOODSIDE,03/31/2021,6423,7680
2406,61 ST WOODSIDE,04/01/2021,6477,7982
2407,61 ST WOODSIDE,04/02/2021,6019,7284
2408,69 ST,03/27/2021,1857,2397
2409,69 ST,03/28/2021,1267,1517
2410,69 ST,03/29/2021,2218,2674
2411,69 ST,03/30/2021,2162,2671
2412,69 ST,03/31/2021,2153,2580
2413,69 ST,04/01/2021,1999,2377
2414,69 ST,04/02/2021,1987,2269
2415,74 ST-BROADWAY,03/27/2021,1182,2258
2416,74 ST-BROADWAY,03/28/2021,793,1497
2417,74 ST-BROADWAY,03/29/2021,1218,2119
2418,74 ST-BROADWAY,03/30/2021,1125,2298
2419,74 ST-BROADWAY,03/31/2021,1129,2093
2420,74 ST-BROADWAY,04/01/2021,1193,2180
2421,74 ST-BROADWAY,04/02/2021,1240,2253
2422,82 ST-JACKSON H,03/27/2021,5005,5123
2423,82 ST-JACKSON H,03/28/2021,2711,2917
2424,82 ST-JACKSON H,03/29/2021,7038,9934
2425,82 ST-JACKSON H,03/30/2021,7055,9955
2426,82 ST-JACKSON H,03/31/2021,6810,9193
2427,82 ST-JACKSON H,04/01/2021,6832,9214
2428,82 ST-JACKSON H,04/02/2021,6203,7670
2429,90 ST-ELMHURST,03/27/2021,5365,3608
2430,90 ST-ELMHURST,03/28/2021,3457,2538
2431,90 ST-ELMHURST,03/29/2021,7516,4316
2432,90 ST-ELMHURST,03/30/2021,7505,4181
2433,90 ST-ELMHURST,03/31/2021,7476,4086
2434,90 ST-ELMHURST,04/01/2021,7477,4226
2435,90 ST-ELMHURST,04/02/2021,7039,3868
2436,JUNCTION BLVD,03/27/2021,7833,9107
2437,JUNCTION BLVD,03/28/2021,5295,9710
2438,JUNCTION BLVD,03/29/2021,10648,8007
2439,JUNCTION BLVD,03/30/2021,11022,7984
2440,JUNCTION BLVD,03/31/2021,10732,7668
2441,JUNCTION BLVD,04/01/2021,10910,7919
2442,JUNCTION BLVD,04/02/2021,9798,10278
2443,103 ST-CORONA,03/27/2021,7323,3417
2444,103 ST-CORONA,03/28/2021,4922,2261
2445,103 ST-CORONA,03/29/2021,9686,8647
2446,103 ST-CORONA,03/30/2021,9547,8834
2447,103 ST-CORONA,03/31/2021,9297,8731
2448,103 ST-CORONA,04/01/2021,9714,8574
2449,103 ST-CORONA,04/02/2021,9024,6549
2450,METS-WILLETS PT,03/27/2021,1494,2715
2451,METS-WILLETS PT,03/28/2021,611,1525
2452,METS-WILLETS PT,03/29/2021,1341,2271
2453,METS-WILLETS PT,03/30/2021,1348,2301
2454,METS-WILLETS PT,03/31/2021,1383,2227
2455,METS-WILLETS PT,04/01/2021,1171,2034
2456,METS-WILLETS PT,04/02/2021,1155,2048
2457,FLUSHING-MAIN,03/27/2021,14268,16441
2458,FLUSHING-MAIN,03/28/2021,9558,10504
2459,FLUSHING-MAIN,03/29/2021,20393,21257
2460,FLUSHING-MAIN,03/30/2021,20882,21739
2461,FLUSHING-MAIN,03/31/2021,20085,20537
2462,FLUSHING-MAIN,04/01/2021,19786,20549
2463,FLUSHING-MAIN,04/02/2021,18811,20057
2464,34 ST-HUDSON YD,03/27/2021,3669,6347
2465,34 ST-HUDSON YD,03/28/2021,2400,4053
2466,34 ST-HUDSON YD,03/29/2021,5340,7829
2467,34 ST-HUDSON YD,03/30/2021,5014,7732
2468,34 ST-HUDSON YD,03/31/2021,5341,8070
2469,34 ST-HUDSON YD,04/01/2021,5420,8251
2470,34 ST-HUDSON YD,04/02/2021,5293,8555
2471,CLARK ST,03/27/2021,1189,1234
2472,CLARK ST,03/28/2021,508,538
2473,CLARK ST,03/29/2021,1085,1114
2474,CLARK ST,03/30/2021,1300,1282
2475,CLARK ST,03/31/2021,1185,987
2476,CLARK ST,04/01/2021,1203,1103
2477,CLARK ST,04/02/2021,1105,1059
2478,HOYT ST,03/27/2021,1559,2078
2479,HOYT ST,03/28/2021,871,1106
2480,HOYT ST,03/29/2021,1997,2313
2481,HOYT ST,03/30/2021,2142,2444
2482,HOYT ST,03/31/2021,2063,2296
2483,HOYT ST,04/01/2021,2129,2371
2484,HOYT ST,04/02/2021,2133,2470
2485,NEVINS ST,03/27/2021,2002,2788
2486,NEVINS ST,03/28/2021,1048,1528
2487,NEVINS ST,03/29/2021,2594,3603
2488,NEVINS ST,03/30/2021,2771,3782
2489,NEVINS ST,03/31/2021,2674,3530
2490,NEVINS ST,04/01/2021,2674,3571
2491,NEVINS ST,04/02/2021,2684,3642
2492,GRAND ARMY PLAZ,03/27/2021,1416,1031
2493,GRAND ARMY PLAZ,03/28/2021,616,468
2494,GRAND ARMY PLAZ,03/29/2021,1542,891
2495,GRAND ARMY PLAZ,03/30/2021,1704,1002
2496,GRAND ARMY PLAZ,03/31/2021,1650,862
2497,GRAND ARMY PLAZ,04/01/2021,1630,959
2498,GRAND ARMY PLAZ,04/02/2021,1469,832
2499,EASTN PKWY-MUSM,03/27/2021,997,1547
2500,EASTN PKWY-MUSM,03/28/2021,596,910
2501,EASTN PKWY-MUSM,03/29/2021,815,1149
2502,EASTN PKWY-MUSM,03/30/2021,945,1456
2503,EASTN PKWY-MUSM,03/31/2021,1030,1565
2504,EASTN PKWY-MUSM,04/01/2021,967,1466
2505,EASTN PKWY-MUSM,04/02/2021,1134,1775
2506,KINGSTON AV,03/27/2021,773,826
2507,KINGSTON AV,03/28/2021,515,554
2508,KINGSTON AV,03/29/2021,1094,1168
2509,KINGSTON AV,03/30/2021,1374,1572
2510,KINGSTON AV,03/31/2021,1323,1490
2511,KINGSTON AV,04/01/2021,1402,1520
2512,KINGSTON AV,04/02/2021,1242,1358
2513,CROWN HTS-UTICA,03/27/2021,6263,6694
2514,CROWN HTS-UTICA,03/28/2021,3964,4588
2515,CROWN HTS-UTICA,03/29/2021,9251,8255
2516,CROWN HTS-UTICA,03/30/2021,9810,9273
2517,CROWN HTS-UTICA,03/31/2021,9527,9038
2518,CROWN HTS-UTICA,04/01/2021,9553,8961
2519,CROWN HTS-UTICA,04/02/2021,8655,8388
2520,SUTTER AV-RUTLD,03/27/2021,1668,2046
2521,SUTTER AV-RUTLD,03/28/2021,833,924
2522,SUTTER AV-RUTLD,03/29/2021,2516,2907
2523,SUTTER AV-RUTLD,03/30/2021,2764,3184
2524,SUTTER AV-RUTLD,03/31/2021,2448,2999
2525,SUTTER AV-RUTLD,04/01/2021,2652,3114
2526,SUTTER AV-RUTLD,04/02/2021,2368,2849
2527,SARATOGA AV,03/27/2021,1297,1416
2528,SARATOGA AV,03/28/2021,799,1047
2529,SARATOGA AV,03/29/2021,2066,2288
2530,SARATOGA AV,03/30/2021,2152,2366
2531,SARATOGA AV,03/31/2021,2059,2234
2532,SARATOGA AV,04/01/2021,2118,2280
2533,SARATOGA AV,04/02/2021,1748,2018
2534,JUNIUS ST,03/27/2021,655,789
2535,JUNIUS ST,03/28/2021,372,570
2536,JUNIUS ST,03/29/2021,747,1080
2537,JUNIUS ST,03/30/2021,870,1190
2538,JUNIUS ST,03/31/2021,829,1097
2539,JUNIUS ST,04/01/2021,849,1098
2540,JUNIUS ST,04/02/2021,783,1005
2541,PENNSYLVANIA AV,03/27/2021,1359,775
2542,PENNSYLVANIA AV,03/28/2021,826,572
2543,PENNSYLVANIA AV,03/29/2021,1632,903
2544,PENNSYLVANIA AV,03/30/2021,1844,984
2545,PENNSYLVANIA AV,03/31/2021,1651,870
2546,PENNSYLVANIA AV,04/01/2021,1760,875
2547,PENNSYLVANIA AV,04/02/2021,1610,875
2548,NEW LOTS AV,03/27/2021,1364,1748
2549,NEW LOTS AV,03/28/2021,893,1280
2550,NEW LOTS AV,03/29/2021,2046,2475
2551,NEW LOTS AV,03/30/2021,2124,2568
2552,NEW LOTS AV,03/31/2021,2164,2563
2553,NEW LOTS AV,04/01/2021,2034,2491
2554,NEW LOTS AV,04/02/2021,2099,2366
2555,PRESIDENT ST,03/27/2021,836,1084
2556,PRESIDENT ST,03/28/2021,576,764
2557,PRESIDENT ST,03/29/2021,1180,1482
2558,PRESIDENT ST,03/30/2021,1174,1521
2559,PRESIDENT ST,03/31/2021,1255,1575
2560,PRESIDENT ST,04/01/2021,1301,1646
2561,PRESIDENT ST,04/02/2021,1155,1503
2562,STERLING ST,03/27/2021,1236,1037
2563,STERLING ST,03/28/2021,747,654
2564,STERLING ST,03/29/2021,1765,1347
2565,STERLING ST,03/30/2021,1921,1455
2566,STERLING ST,03/31/2021,1900,1520
2567,STERLING ST,04/01/2021,1879,1458
2568,STERLING ST,04/02/2021,1765,1420
2569,WINTHROP ST,03/27/2021,1441,417
2570,WINTHROP ST,03/28/2021,889,261
2571,WINTHROP ST,03/29/2021,2720,605
2572,WINTHROP ST,03/30/2021,2868,639
2573,WINTHROP ST,03/31/2021,2740,660
2574,WINTHROP ST,04/01/2021,2771,612
2575,WINTHROP ST,04/02/2021,2541,602
2576,BEVERLY RD,03/27/2021,1000,284
2577,BEVERLY RD,03/28/2021,655,196
2578,BEVERLY RD,03/29/2021,1558,349
2579,BEVERLY RD,03/30/2021,1612,394
2580,BEVERLY RD,03/31/2021,1541,340
2581,BEVERLY RD,04/01/2021,1646,366
2582,BEVERLY RD,04/02/2021,1481,360
2583,NEWKIRK AV,03/27/2021,1776,1412
2584,NEWKIRK AV,03/28/2021,1164,1019
2585,NEWKIRK AV,03/29/2021,2646,2083
2586,NEWKIRK AV,03/30/2021,2933,2297
2587,NEWKIRK AV,03/31/2021,2762,2112
2588,NEWKIRK AV,04/01/2021,2814,2246
2589,NEWKIRK AV,04/02/2021,2588,2058
2590,FLATBUSH AV-B.C,03/27/2021,4105,3307
2591,FLATBUSH AV-B.C,03/28/2021,2457,2445
2592,FLATBUSH AV-B.C,03/29/2021,6197,5259
2593,FLATBUSH AV-B.C,03/30/2021,6787,5732
2594,FLATBUSH AV-B.C,03/31/2021,6426,5517
2595,FLATBUSH AV-B.C,04/01/2021,6354,5423
2596,FLATBUSH AV-B.C,04/02/2021,5786,5270
2597,MORRIS PARK,03/27/2021,463,587
2598,MORRIS PARK,03/28/2021,229,332
2599,MORRIS PARK,03/29/2021,864,966
2600,MORRIS PARK,03/30/2021,969,1065
2601,MORRIS PARK,03/31/2021,931,1125
2602,MORRIS PARK,04/01/2021,896,970
2603,MORRIS PARK,04/02/2021,700,891
2604,BAYCHESTER AV,03/27/2021,727,228
2605,BAYCHESTER AV,03/28/2021,386,187
2606,BAYCHESTER AV,03/29/2021,1124,317
2607,BAYCHESTER AV,03/30/2021,1292,317
2608,BAYCHESTER AV,03/31/2021,1258,358
2609,BAYCHESTER AV,04/01/2021,1211,344
2610,BAYCHESTER AV,04/02/2021,921,324
2611,EASTCHSTER/DYRE,03/27/2021,975,1276
2612,EASTCHSTER/DYRE,03/28/2021,511,760
2613,EASTCHSTER/DYRE,03/29/2021,1899,2192
2614,EASTCHSTER/DYRE,03/30/2021,2100,2383
2615,EASTCHSTER/DYRE,03/31/2021,1974,2225
2616,EASTCHSTER/DYRE,04/01/2021,1942,2214
2617,EASTCHSTER/DYRE,04/02/2021,1633,1966
2618,ST. GEORGE,03/27/2021,447,0
2619,ST. GEORGE,03/28/2021,452,0
2620,ST. GEORGE,03/29/2021,3320,0
2621,ST. GEORGE,03/30/2021,3666,0
2622,ST. GEORGE,03/31/2021,3422,0
2623,ST. GEORGE,04/01/2021,3675,0
2624,ST. GEORGE,04/02/2021,3404,22
2625,TOMPKINSVILLE,03/27/2021,0,0
2626,TOMPKINSVILLE,03/28/2021,0,0
2627,TOMPKINSVILLE,03/29/2021,302,0
2628,TOMPKINSVILLE,03/30/2021,253,0
2629,TOMPKINSVILLE,03/31/2021,301,0
2630,TOMPKINSVILLE,04/01/2021,275,0
2631,TOMPKINSVILLE,04/02/2021,263,0
2632,RIT-MANHATTAN,03/27/2021,2661,41
2633,RIT-MANHATTAN,03/28/2021,831,33
2634,RIT-MANHATTAN,03/29/2021,1652,33
2635,RIT-MANHATTAN,03/30/2021,2433,56
2636,RIT-MANHATTAN,03/31/2021,1698,69
2637,RIT-MANHATTAN,04/01/2021,1625,81
2638,RIT-MANHATTAN,04/02/2021,1572,57
2639,RIT-ROOSEVELT,03/27/2021,2516,51
2640,RIT-ROOSEVELT,03/28/2021,821,30
2641,RIT-ROOSEVELT,03/29/2021,1515,41
2642,RIT-ROOSEVELT,03/30/2021,2526,83
2643,RIT-ROOSEVELT,03/31/2021,1714,53
2644,RIT-ROOSEVELT,04/01/2021,1620,51
2645,RIT-ROOSEVELT,04/02/2021,1610,41
