,DATE,ENTRIES,EXITS,STATION,Unnamed: 0
20063,03/27/2021,618.0,883.0,NEWARK HW BMEBE,20063.0
20064,03/28/2021,219.0,443.0,NEWARK HW BMEBE,20064.0
20065,03/29/2021,1641.0,1743.0,NEWARK HW BMEBE,20065.0
20066,03/30/2021,1465.0,1875.0,NEWARK HW BMEBE,20066.0
20067,03/31/2021,1279.0,1823.0,NEWARK HW BMEBE,20067.0
20068,04/01/2021,979.0,1751.0,NEWARK HW BMEBE,20068.0
20069,04/02/2021,638.0,1420.0,NEWARK HW BMEBE,20069.0
20070,03/20/2021,467.0,838.0,NEWARK HW BMEBE,20070.0
20071,03/21/2021,259.0,659.0,NEWARK HW BMEBE,20071.0
20072,03/22/2021,975.0,1592.0,NEWARK HW BMEBE,20072.0
20073,03/23/2021,1034.0,1605.0,NEWARK HW BMEBE,20073.0
20074,03/24/2021,948.0,1775.0,NEWARK HW BMEBE,20074.0
20075,03/25/2021,1009.0,1686.0,NEWARK HW BMEBE,20075.0
20076,03/26/2021,1076.0,1487.0,NEWARK HW BMEBE,20076.0
20077,03/13/2021,423.0,800.0,NEWARK HW BMEBE,20077.0
20078,03/14/2021,271.0,585.0,NEWARK HW BMEBE,20078.0
20079,03/15/2021,874.0,1487.0,NEWARK HW BMEBE,20079.0
20080,03/16/2021,1004.0,1695.0,NEWARK HW BMEBE,20080.0
20081,03/17/2021,990.0,1650.0,NEWARK HW BMEBE,20081.0
20082,03/18/2021,818.0,1493.0,NEWARK HW BMEBE,20082.0
20083,03/19/2021,1001.0,1476.0,NEWARK HW BMEBE,20083.0
20084,03/06/2021,319.0,702.0,NEWARK HW BMEBE,20084.0
20085,03/07/2021,240.0,495.0,NEWARK HW BMEBE,20085.0
20086,03/08/2021,790.0,1378.0,NEWARK HW BMEBE,20086.0
20087,03/09/2021,1018.0,1605.0,NEWARK HW BMEBE,20087.0
20088,03/10/2021,1073.0,1563.0,NEWARK HW BMEBE,20088.0
20089,03/11/2021,1155.0,1673.0,NEWARK HW BMEBE,20089.0
20090,03/12/2021,1033.0,1718.0,NEWARK HW BMEBE,20090.0
20091,02/27/2021,285.0,684.0,NEWARK HW BMEBE,20091.0
20092,02/28/2021,0.0,382.0,NEWARK HW BMEBE,20092.0
20093,03/01/2021,949.0,1689.0,NEWARK HW BMEBE,20093.0
20094,03/02/2021,989.0,1477.0,NEWARK HW BMEBE,20094.0
20095,03/03/2021,1045.0,1523.0,NEWARK HW BMEBE,20095.0
20096,03/04/2021,1075.0,1643.0,NEWARK HW BMEBE,20096.0
20097,03/05/2021,939.0,1502.0,NEWARK HW BMEBE,20097.0
20098,02/20/2021,3.0,576.0,NEWARK HW BMEBE,20098.0
20099,02/21/2021,0.0,472.0,NEWARK HW BMEBE,20099.0
20100,02/22/2021,871.0,1428.0,NEWARK HW BMEBE,20100.0
20101,02/23/2021,945.0,1557.0,NEWARK HW BMEBE,20101.0
20102,02/24/2021,959.0,1560.0,NEWARK HW BMEBE,20102.0
20103,02/25/2021,963.0,1553.0,NEWARK HW BMEBE,20103.0
20104,02/26/2021,919.0,1639.0,NEWARK HW BMEBE,20104.0
20105,02/13/2021,294.0,653.0,NEWARK HW BMEBE,20105.0
20106,02/14/2021,215.0,525.0,NEWARK HW BMEBE,20106.0
20107,02/15/2021,434.0,946.0,NEWARK HW BMEBE,20107.0
20108,02/16/2021,852.0,1405.0,NEWARK HW BMEBE,20108.0
20109,02/17/2021,934.0,1502.0,NEWARK HW BMEBE,20109.0
20110,02/18/2021,556.0,972.0,NEWARK HW BMEBE,20110.0
20111,02/19/2021,413.0,1300.0,NEWARK HW BMEBE,20111.0
20112,02/06/2021,379.0,664.0,NEWARK HW BMEBE,20112.0
20113,02/07/2021,146.0,336.0,NEWARK HW BMEBE,20113.0
20114,02/08/2021,800.0,1389.0,NEWARK HW BMEBE,20114.0
20115,02/09/2021,842.0,1335.0,NEWARK HW BMEBE,20115.0
20116,02/10/2021,975.0,1497.0,NEWARK HW BMEBE,20116.0
20117,02/11/2021,858.0,1380.0,NEWARK HW BMEBE,20117.0
20118,02/12/2021,841.0,1490.0,NEWARK HW BMEBE,20118.0
20119,01/30/2021,313.0,602.0,NEWARK HW BMEBE,20119.0
20120,01/31/2021,219.0,539.0,NEWARK HW BMEBE,20120.0
20121,02/01/2021,40.0,235.0,NEWARK HW BMEBE,20121.0
20122,02/02/2021,0.0,57.0,NEWARK HW BMEBE,20122.0
20123,02/03/2021,836.0,1320.0,NEWARK HW BMEBE,20123.0
20124,02/04/2021,908.0,1355.0,NEWARK HW BMEBE,20124.0
20125,02/05/2021,934.0,1287.0,NEWARK HW BMEBE,20125.0
20126,01/23/2021,270.0,703.0,NEWARK HW BMEBE,20126.0
20127,01/24/2021,213.0,486.0,NEWARK HW BMEBE,20127.0
20128,01/25/2021,849.0,1494.0,NEWARK HW BMEBE,20128.0
20129,01/26/2021,811.0,1278.0,NEWARK HW BMEBE,20129.0
20130,01/27/2021,851.0,1485.0,NEWARK HW BMEBE,20130.0
20131,01/28/2021,929.0,1437.0,NEWARK HW BMEBE,20131.0
20132,01/29/2021,770.0,1399.0,NEWARK HW BMEBE,20132.0
20133,01/16/2021,623.0,1665.0,NEWARK HW BMEBE,20133.0
20134,01/17/2021,507.0,1381.0,NEWARK HW BMEBE,20134.0
20135,01/18/2021,799.0,2060.0,NEWARK HW BMEBE,20135.0
20136,01/19/2021,1236.0,2378.0,NEWARK HW BMEBE,20136.0
20137,01/20/2021,1210.0,2340.0,NEWARK HW BMEBE,20137.0
20138,01/21/2021,977.0,1542.0,NEWARK HW BMEBE,20138.0
20139,01/22/2021,936.0,1508.0,NEWARK HW BMEBE,20139.0
20140,01/09/2021,359.0,1521.0,NEWARK HW BMEBE,20140.0
20141,01/10/2021,259.0,1334.0,NEWARK HW BMEBE,20141.0
20142,01/11/2021,751.0,2250.0,NEWARK HW BMEBE,20142.0
20143,01/12/2021,1026.0,2266.0,NEWARK HW BMEBE,20143.0
20144,01/13/2021,1112.0,2350.0,NEWARK HW BMEBE,20144.0
20145,01/14/2021,1051.0,2313.0,NEWARK HW BMEBE,20145.0
20146,01/15/2021,1097.0,2409.0,NEWARK HW BMEBE,20146.0
20147,03/27/2021,1666.0,1753.0,HARRISON,20147.0
20148,03/28/2021,621.0,875.0,HARRISON,20148.0
20149,03/29/2021,2106.0,2351.0,HARRISON,20149.0
20150,03/30/2021,2314.0,2641.0,HARRISON,20150.0
20151,03/31/2021,2186.0,2640.0,HARRISON,20151.0
20152,04/01/2021,2226.0,2472.0,HARRISON,20152.0
20153,04/02/2021,1974.0,2260.0,HARRISON,20153.0
20154,03/20/2021,1416.0,1180.0,HARRISON,20154.0
20155,03/21/2021,1035.0,1169.0,HARRISON,20155.0
20156,03/22/2021,2212.0,1951.0,HARRISON,20156.0
20157,03/23/2021,2296.0,2474.0,HARRISON,20157.0
20158,03/24/2021,2143.0,2153.0,HARRISON,20158.0
20159,03/25/2021,2448.0,3114.0,HARRISON,20159.0
20160,03/26/2021,2343.0,2492.0,HARRISON,20160.0
20161,03/13/2021,1326.0,1010.0,HARRISON,20161.0
20162,03/14/2021,894.0,783.0,HARRISON,20162.0
20163,03/15/2021,2173.0,2497.0,HARRISON,20163.0
20164,03/16/2021,2212.0,2448.0,HARRISON,20164.0
20165,03/17/2021,2330.0,2677.0,HARRISON,20165.0
20166,03/18/2021,2080.0,2375.0,HARRISON,20166.0
20167,03/19/2021,2236.0,2494.0,HARRISON,20167.0
20168,03/06/2021,1106.0,1178.0,HARRISON,20168.0
20169,03/07/2021,811.0,1029.0,HARRISON,20169.0
20170,03/08/2021,2120.0,2516.0,HARRISON,20170.0
20171,03/09/2021,2290.0,2640.0,HARRISON,20171.0
20172,03/10/2021,2295.0,2576.0,HARRISON,20172.0
20173,03/11/2021,2370.0,2657.0,HARRISON,20173.0
20174,03/12/2021,2347.0,2634.0,HARRISON,20174.0
20175,02/27/2021,1069.0,1177.0,HARRISON,20175.0
20176,02/28/2021,660.0,855.0,HARRISON,20176.0
20177,03/01/2021,2139.0,2403.0,HARRISON,20177.0
20178,03/02/2021,2158.0,2511.0,HARRISON,20178.0
20179,03/03/2021,2601.0,2502.0,HARRISON,20179.0
20180,03/04/2021,2742.0,2663.0,HARRISON,20180.0
20181,03/05/2021,2141.0,2491.0,HARRISON,20181.0
20182,02/20/2021,1132.0,1200.0,HARRISON,20182.0
20183,02/21/2021,744.0,985.0,HARRISON,20183.0
20184,02/22/2021,1902.0,2230.0,HARRISON,20184.0
20185,02/23/2021,2155.0,2549.0,HARRISON,20185.0
20186,02/24/2021,2241.0,2440.0,HARRISON,20186.0
20187,02/25/2021,2228.0,1886.0,HARRISON,20187.0
20188,02/26/2021,2113.0,2486.0,HARRISON,20188.0
20189,02/13/2021,1034.0,1216.0,HARRISON,20189.0
20190,02/14/2021,841.0,940.0,HARRISON,20190.0
20191,02/15/2021,1203.0,1464.0,HARRISON,20191.0
20192,02/16/2021,2025.0,2410.0,HARRISON,20192.0
20193,02/17/2021,2143.0,2431.0,HARRISON,20193.0
20194,02/18/2021,1342.0,1657.0,HARRISON,20194.0
20195,02/19/2021,1317.0,2060.0,HARRISON,20195.0
20196,02/06/2021,1155.0,1344.0,HARRISON,20196.0
20197,02/07/2021,422.0,607.0,HARRISON,20197.0
20198,02/08/2021,1959.0,2281.0,HARRISON,20198.0
20199,02/09/2021,1985.0,2324.0,HARRISON,20199.0
20200,02/10/2021,2110.0,2282.0,HARRISON,20200.0
20201,02/11/2021,2008.0,2325.0,HARRISON,20201.0
20202,02/12/2021,1998.0,2302.0,HARRISON,20202.0
20203,01/30/2021,896.0,1153.0,HARRISON,20203.0
20204,01/31/2021,613.0,827.0,HARRISON,20204.0
20205,02/01/2021,365.0,513.0,HARRISON,20205.0
20206,02/02/2021,95.0,387.0,HARRISON,20206.0
20207,02/03/2021,1960.0,2177.0,HARRISON,20207.0
20208,02/04/2021,2059.0,2423.0,HARRISON,20208.0
20209,02/05/2021,2039.0,2288.0,HARRISON,20209.0
20210,01/23/2021,1011.0,1228.0,HARRISON,20210.0
20211,01/24/2021,646.0,826.0,HARRISON,20211.0
20212,01/25/2021,1982.0,2298.0,HARRISON,20212.0
20213,01/26/2021,1953.0,2344.0,HARRISON,20213.0
20214,01/27/2021,2079.0,2269.0,HARRISON,20214.0
20215,01/28/2021,2008.0,2330.0,HARRISON,20215.0
20216,01/29/2021,1803.0,2074.0,HARRISON,20216.0
20217,01/16/2021,966.0,1087.0,HARRISON,20217.0
20218,01/17/2021,724.0,915.0,HARRISON,20218.0
20219,01/18/2021,1521.0,1762.0,HARRISON,20219.0
20220,01/19/2021,2017.0,2421.0,HARRISON,20220.0
20221,01/20/2021,1926.0,2209.0,HARRISON,20221.0
20222,01/21/2021,2030.0,2350.0,HARRISON,20222.0
20223,01/22/2021,2001.0,2471.0,HARRISON,20223.0
20224,01/09/2021,980.0,1181.0,HARRISON,20224.0
20225,01/10/2021,717.0,1092.0,HARRISON,20225.0
20226,01/11/2021,1907.0,2269.0,HARRISON,20226.0
20227,01/12/2021,2046.0,2014.0,HARRISON,20227.0
20228,01/13/2021,2080.0,2334.0,HARRISON,20228.0
20229,01/14/2021,2135.0,2450.0,HARRISON,20229.0
20230,01/15/2021,1941.0,2404.0,HARRISON,20230.0
20231,03/27/2021,7182.0,6212.0,JOURNAL SQUARE,20231.0
20232,03/28/2021,3719.0,3605.0,JOURNAL SQUARE,20232.0
20233,03/29/2021,8779.0,6685.0,JOURNAL SQUARE,20233.0
20234,03/30/2021,9338.0,7258.0,JOURNAL SQUARE,20234.0
20235,03/31/2021,8927.0,7157.0,JOURNAL SQUARE,20235.0
20236,04/01/2021,9211.0,7054.0,JOURNAL SQUARE,20236.0
20237,04/02/2021,8435.0,6204.0,JOURNAL SQUARE,20237.0
20238,03/20/2021,6632.0,5723.0,JOURNAL SQUARE,20238.0
20239,03/21/2021,5200.0,4872.0,JOURNAL SQUARE,20239.0
20240,03/22/2021,9119.0,7043.0,JOURNAL SQUARE,20240.0
20241,03/23/2021,9358.0,7114.0,JOURNAL SQUARE,20241.0
20242,03/24/2021,8757.0,6852.0,JOURNAL SQUARE,20242.0
20243,03/25/2021,9611.0,7053.0,JOURNAL SQUARE,20243.0
20244,03/26/2021,9512.0,6862.0,JOURNAL SQUARE,20244.0
20245,03/13/2021,6357.0,4996.0,JOURNAL SQUARE,20245.0
20246,03/14/2021,4446.0,4350.0,JOURNAL SQUARE,20246.0
20247,03/15/2021,8657.0,6584.0,JOURNAL SQUARE,20247.0
20248,03/16/2021,8757.0,6612.0,JOURNAL SQUARE,20248.0
20249,03/17/2021,9166.0,6656.0,JOURNAL SQUARE,20249.0
20250,03/18/2021,8661.0,6428.0,JOURNAL SQUARE,20250.0
20251,03/19/2021,9245.0,6774.0,JOURNAL SQUARE,20251.0
20252,03/06/2021,5803.0,4703.0,JOURNAL SQUARE,20252.0
20253,03/07/2021,4185.0,3905.0,JOURNAL SQUARE,20253.0
20254,03/08/2021,8720.0,6906.0,JOURNAL SQUARE,20254.0
20255,03/09/2021,9410.0,7175.0,JOURNAL SQUARE,20255.0
20256,03/10/2021,9236.0,7213.0,JOURNAL SQUARE,20256.0
20257,03/11/2021,9586.0,7731.0,JOURNAL SQUARE,20257.0
20258,03/12/2021,9633.0,6910.0,JOURNAL SQUARE,20258.0
20259,02/27/2021,5529.0,4464.0,JOURNAL SQUARE,20259.0
20260,02/28/2021,3797.0,3580.0,JOURNAL SQUARE,20260.0
20261,03/01/2021,8518.0,6718.0,JOURNAL SQUARE,20261.0
20262,03/02/2021,8773.0,6694.0,JOURNAL SQUARE,20262.0
20263,03/03/2021,9293.0,7352.0,JOURNAL SQUARE,20263.0
20264,03/04/2021,9048.0,6962.0,JOURNAL SQUARE,20264.0
20265,03/05/2021,9282.0,6921.0,JOURNAL SQUARE,20265.0
20266,02/20/2021,5833.0,5151.0,JOURNAL SQUARE,20266.0
20267,02/21/2021,4212.0,3955.0,JOURNAL SQUARE,20267.0
20268,02/22/2021,7977.0,5916.0,JOURNAL SQUARE,20268.0
20269,02/23/2021,8991.0,7105.0,JOURNAL SQUARE,20269.0
20270,02/24/2021,9104.0,7414.0,JOURNAL SQUARE,20270.0
20271,02/25/2021,9119.0,7189.0,JOURNAL SQUARE,20271.0
20272,02/26/2021,9289.0,7224.0,JOURNAL SQUARE,20272.0
20273,02/13/2021,5788.0,5011.0,JOURNAL SQUARE,20273.0
20274,02/14/2021,4383.0,4044.0,JOURNAL SQUARE,20274.0
20275,02/15/2021,6167.0,5419.0,JOURNAL SQUARE,20275.0
20276,02/16/2021,8441.0,6789.0,JOURNAL SQUARE,20276.0
20277,02/17/2021,8962.0,7247.0,JOURNAL SQUARE,20277.0
20278,02/18/2021,6055.0,5064.0,JOURNAL SQUARE,20278.0
20279,02/19/2021,7505.0,6016.0,JOURNAL SQUARE,20279.0
20280,02/06/2021,5934.0,5217.0,JOURNAL SQUARE,20280.0
20281,02/07/2021,2795.0,2833.0,JOURNAL SQUARE,20281.0
20282,02/08/2021,8458.0,6678.0,JOURNAL SQUARE,20282.0
20283,02/09/2021,8381.0,6938.0,JOURNAL SQUARE,20283.0
20284,02/10/2021,8943.0,7415.0,JOURNAL SQUARE,20284.0
20285,02/11/2021,8655.0,7141.0,JOURNAL SQUARE,20285.0
20286,02/12/2021,8829.0,7187.0,JOURNAL SQUARE,20286.0
20287,01/30/2021,4862.0,4278.0,JOURNAL SQUARE,20287.0
20288,01/31/2021,3627.0,3356.0,JOURNAL SQUARE,20288.0
20289,02/01/2021,1920.0,1877.0,JOURNAL SQUARE,20289.0
20290,02/02/2021,2443.0,2933.0,JOURNAL SQUARE,20290.0
20291,02/03/2021,8553.0,7220.0,JOURNAL SQUARE,20291.0
20292,02/04/2021,8632.0,7227.0,JOURNAL SQUARE,20292.0
20293,02/05/2021,8339.0,7009.0,JOURNAL SQUARE,20293.0
20294,01/23/2021,5128.0,4645.0,JOURNAL SQUARE,20294.0
20295,01/24/2021,3617.0,3520.0,JOURNAL SQUARE,20295.0
20296,01/25/2021,8229.0,6488.0,JOURNAL SQUARE,20296.0
20297,01/26/2021,7938.0,6888.0,JOURNAL SQUARE,20297.0
20298,01/27/2021,8448.0,6549.0,JOURNAL SQUARE,20298.0
20299,01/28/2021,8428.0,6710.0,JOURNAL SQUARE,20299.0
20300,01/29/2021,7630.0,6311.0,JOURNAL SQUARE,20300.0
20301,01/16/2021,5289.0,4792.0,JOURNAL SQUARE,20301.0
20302,01/17/2021,4045.0,3885.0,JOURNAL SQUARE,20302.0
20303,01/18/2021,6424.0,5636.0,JOURNAL SQUARE,20303.0
20304,01/19/2021,8604.0,7001.0,JOURNAL SQUARE,20304.0
20305,01/20/2021,8159.0,6652.0,JOURNAL SQUARE,20305.0
20306,01/21/2021,8502.0,6655.0,JOURNAL SQUARE,20306.0
20307,01/22/2021,8680.0,6993.0,JOURNAL SQUARE,20307.0
20308,01/09/2021,5240.0,4865.0,JOURNAL SQUARE,20308.0
20309,01/10/2021,4020.0,3613.0,JOURNAL SQUARE,20309.0
20310,01/11/2021,8127.0,6383.0,JOURNAL SQUARE,20310.0
20311,01/12/2021,8594.0,7083.0,JOURNAL SQUARE,20311.0
20312,01/13/2021,8403.0,6989.0,JOURNAL SQUARE,20312.0
20313,01/14/2021,8527.0,6780.0,JOURNAL SQUARE,20313.0
20314,01/15/2021,8421.0,6778.0,JOURNAL SQUARE,20314.0
20315,03/27/2021,4894.0,5335.0,GROVE STREET,20315.0
20316,03/28/2021,2028.0,2627.0,GROVE STREET,20316.0
20317,03/29/2021,4400.0,5032.0,GROVE STREET,20317.0
20318,03/30/2021,4643.0,5126.0,GROVE STREET,20318.0
20319,03/31/2021,4436.0,5041.0,GROVE STREET,20319.0
20320,04/01/2021,4738.0,5371.0,GROVE STREET,20320.0
20321,04/02/2021,4796.0,5355.0,GROVE STREET,20321.0
20322,03/20/2021,4132.0,4480.0,GROVE STREET,20322.0
20323,03/21/2021,3106.0,3674.0,GROVE STREET,20323.0
20324,03/22/2021,4360.0,5030.0,GROVE STREET,20324.0
20325,03/23/2021,4623.0,5007.0,GROVE STREET,20325.0
20326,03/24/2021,4254.0,4854.0,GROVE STREET,20326.0
20327,03/25/2021,4843.0,5439.0,GROVE STREET,20327.0
20328,03/26/2021,5175.0,5698.0,GROVE STREET,20328.0
20329,03/13/2021,3676.0,4548.0,GROVE STREET,20329.0
20330,03/14/2021,2615.0,3494.0,GROVE STREET,20330.0
20331,03/15/2021,4319.0,5063.0,GROVE STREET,20331.0
20332,03/16/2021,4886.0,5412.0,GROVE STREET,20332.0
20333,03/17/2021,4473.0,5146.0,GROVE STREET,20333.0
20334,03/18/2021,4140.0,4642.0,GROVE STREET,20334.0
20335,03/19/2021,4874.0,5547.0,GROVE STREET,20335.0
20336,03/06/2021,3447.0,3435.0,GROVE STREET,20336.0
20337,03/07/2021,2242.0,2614.0,GROVE STREET,20337.0
20338,03/08/2021,3784.0,4208.0,GROVE STREET,20338.0
20339,03/09/2021,4493.0,4807.0,GROVE STREET,20339.0
20340,03/10/2021,4646.0,4986.0,GROVE STREET,20340.0
20341,03/11/2021,4350.0,5419.0,GROVE STREET,20341.0
20342,03/12/2021,4614.0,5339.0,GROVE STREET,20342.0
20343,02/27/2021,2625.0,3017.0,GROVE STREET,20343.0
20344,02/28/2021,1644.0,2114.0,GROVE STREET,20344.0
20345,03/01/2021,3538.0,4090.0,GROVE STREET,20345.0
20346,03/02/2021,3927.0,4524.0,GROVE STREET,20346.0
20347,03/03/2021,4246.0,4597.0,GROVE STREET,20347.0
20348,03/04/2021,4115.0,4660.0,GROVE STREET,20348.0
20349,03/05/2021,4280.0,4797.0,GROVE STREET,20349.0
20350,02/20/2021,4467.0,5333.0,GROVE STREET,20350.0
20351,02/21/2021,2953.0,3567.0,GROVE STREET,20351.0
20352,02/22/2021,3767.0,4261.0,GROVE STREET,20352.0
20353,02/23/2021,4256.0,4913.0,GROVE STREET,20353.0
20354,02/24/2021,4386.0,4401.0,GROVE STREET,20354.0
20355,02/25/2021,3739.0,4231.0,GROVE STREET,20355.0
20356,02/26/2021,3762.0,4428.0,GROVE STREET,20356.0
20357,02/13/2021,3247.0,4072.0,GROVE STREET,20357.0
20358,02/14/2021,2483.0,2869.0,GROVE STREET,20358.0
20359,02/15/2021,2883.0,3370.0,GROVE STREET,20359.0
20360,02/16/2021,3820.0,4373.0,GROVE STREET,20360.0
20361,02/17/2021,4162.0,4424.0,GROVE STREET,20361.0
20362,02/18/2021,2687.0,3208.0,GROVE STREET,20362.0
20363,02/19/2021,3620.0,4178.0,GROVE STREET,20363.0
20364,02/06/2021,3379.0,4352.0,GROVE STREET,20364.0
20365,02/07/2021,1498.0,2022.0,GROVE STREET,20365.0
20366,02/08/2021,3632.0,4211.0,GROVE STREET,20366.0
20367,02/09/2021,3798.0,4590.0,GROVE STREET,20367.0
20368,02/10/2021,4076.0,4637.0,GROVE STREET,20368.0
20369,02/11/2021,4083.0,4792.0,GROVE STREET,20369.0
20370,02/12/2021,4307.0,5061.0,GROVE STREET,20370.0
20371,01/30/2021,2353.0,3346.0,GROVE STREET,20371.0
20372,01/31/2021,1475.0,2336.0,GROVE STREET,20372.0
20373,02/01/2021,860.0,1310.0,GROVE STREET,20373.0
20374,02/02/2021,1203.0,1504.0,GROVE STREET,20374.0
20375,02/03/2021,3939.0,4203.0,GROVE STREET,20375.0
20376,02/04/2021,4189.0,4723.0,GROVE STREET,20376.0
20377,02/05/2021,4193.0,5051.0,GROVE STREET,20377.0
20378,01/23/2021,2559.0,3397.0,GROVE STREET,20378.0
20379,01/24/2021,2012.0,2134.0,GROVE STREET,20379.0
20380,01/25/2021,3574.0,3465.0,GROVE STREET,20380.0
20381,01/26/2021,3640.0,3361.0,GROVE STREET,20381.0
20382,01/27/2021,4050.0,3932.0,GROVE STREET,20382.0
20383,01/28/2021,4216.0,4025.0,GROVE STREET,20383.0
20384,01/29/2021,4080.0,4022.0,GROVE STREET,20384.0
20385,01/16/2021,3396.0,3394.0,GROVE STREET,20385.0
20386,01/17/2021,2126.0,2772.0,GROVE STREET,20386.0
20387,01/18/2021,2854.0,3729.0,GROVE STREET,20387.0
20388,01/19/2021,3304.0,4256.0,GROVE STREET,20388.0
20389,01/20/2021,2976.0,3904.0,GROVE STREET,20389.0
20390,01/21/2021,3103.0,4131.0,GROVE STREET,20390.0
20391,01/22/2021,3235.0,4217.0,GROVE STREET,20391.0
20392,01/09/2021,2868.0,3540.0,GROVE STREET,20392.0
20393,01/10/2021,2095.0,2529.0,GROVE STREET,20393.0
20394,01/11/2021,3361.0,3908.0,GROVE STREET,20394.0
20395,01/12/2021,3467.0,4069.0,GROVE STREET,20395.0
20396,01/13/2021,3913.0,4061.0,GROVE STREET,20396.0
20397,01/14/2021,4152.0,4026.0,GROVE STREET,20397.0
20398,01/15/2021,4263.0,4200.0,GROVE STREET,20398.0
20399,03/27/2021,2756.0,3090.0,EXCHANGE PLACE,20399.0
20400,03/28/2021,1011.0,1578.0,EXCHANGE PLACE,20400.0
20401,03/29/2021,2839.0,3413.0,EXCHANGE PLACE,20401.0
20402,03/30/2021,3126.0,3612.0,EXCHANGE PLACE,20402.0
20403,03/31/2021,2958.0,3505.0,EXCHANGE PLACE,20403.0
20404,04/01/2021,3050.0,3738.0,EXCHANGE PLACE,20404.0
20405,04/02/2021,2850.0,3443.0,EXCHANGE PLACE,20405.0
20406,03/20/2021,2268.0,2590.0,EXCHANGE PLACE,20406.0
20407,03/21/2021,1704.0,2082.0,EXCHANGE PLACE,20407.0
20408,03/22/2021,2965.0,3465.0,EXCHANGE PLACE,20408.0
20409,03/23/2021,2932.0,3593.0,EXCHANGE PLACE,20409.0
20410,03/24/2021,2747.0,3482.0,EXCHANGE PLACE,20410.0
20411,03/25/2021,3058.0,3552.0,EXCHANGE PLACE,20411.0
20412,03/26/2021,3109.0,4079.0,EXCHANGE PLACE,20412.0
20413,03/13/2021,2189.0,2489.0,EXCHANGE PLACE,20413.0
20414,03/14/2021,1369.0,1751.0,EXCHANGE PLACE,20414.0
20415,03/15/2021,2749.0,3356.0,EXCHANGE PLACE,20415.0
20416,03/16/2021,2894.0,3418.0,EXCHANGE PLACE,20416.0
20417,03/17/2021,3034.0,3634.0,EXCHANGE PLACE,20417.0
20418,03/18/2021,2858.0,3375.0,EXCHANGE PLACE,20418.0
20419,03/19/2021,3258.0,3756.0,EXCHANGE PLACE,20419.0
20420,03/06/2021,1655.0,1950.0,EXCHANGE PLACE,20420.0
20421,03/07/2021,1197.0,1628.0,EXCHANGE PLACE,20421.0
20422,03/08/2021,2733.0,3350.0,EXCHANGE PLACE,20422.0
20423,03/09/2021,3062.0,3910.0,EXCHANGE PLACE,20423.0
20424,03/10/2021,2995.0,3643.0,EXCHANGE PLACE,20424.0
20425,03/11/2021,3272.0,3721.0,EXCHANGE PLACE,20425.0
20426,03/12/2021,3192.0,3891.0,EXCHANGE PLACE,20426.0
20427,02/27/2021,1373.0,1800.0,EXCHANGE PLACE,20427.0
20428,02/28/2021,985.0,1375.0,EXCHANGE PLACE,20428.0
20429,03/01/2021,2547.0,3052.0,EXCHANGE PLACE,20429.0
20430,03/02/2021,2730.0,3273.0,EXCHANGE PLACE,20430.0
20431,03/03/2021,2936.0,3485.0,EXCHANGE PLACE,20431.0
20432,03/04/2021,2808.0,3451.0,EXCHANGE PLACE,20432.0
20433,03/05/2021,2881.0,3406.0,EXCHANGE PLACE,20433.0
20434,02/20/2021,6.0,177.0,EXCHANGE PLACE,20434.0
20435,02/21/2021,41.0,307.0,EXCHANGE PLACE,20435.0
20436,02/22/2021,2391.0,2918.0,EXCHANGE PLACE,20436.0
20437,02/23/2021,2712.0,3309.0,EXCHANGE PLACE,20437.0
20438,02/24/2021,2825.0,3331.0,EXCHANGE PLACE,20438.0
20439,02/25/2021,2857.0,3402.0,EXCHANGE PLACE,20439.0
20440,02/26/2021,2841.0,3464.0,EXCHANGE PLACE,20440.0
20441,02/13/2021,1608.0,2052.0,EXCHANGE PLACE,20441.0
20442,02/14/2021,1172.0,1515.0,EXCHANGE PLACE,20442.0
20443,02/15/2021,1671.0,2153.0,EXCHANGE PLACE,20443.0
20444,02/16/2021,2594.0,3191.0,EXCHANGE PLACE,20444.0
20445,02/17/2021,2567.0,3234.0,EXCHANGE PLACE,20445.0
20446,02/18/2021,1732.0,2250.0,EXCHANGE PLACE,20446.0
20447,02/19/2021,2269.0,2757.0,EXCHANGE PLACE,20447.0
20448,02/06/2021,1789.0,2588.0,EXCHANGE PLACE,20448.0
20449,02/07/2021,658.0,1125.0,EXCHANGE PLACE,20449.0
20450,02/08/2021,2488.0,3136.0,EXCHANGE PLACE,20450.0
20451,02/09/2021,2685.0,3328.0,EXCHANGE PLACE,20451.0
20452,02/10/2021,2640.0,3075.0,EXCHANGE PLACE,20452.0
20453,02/11/2021,2657.0,3304.0,EXCHANGE PLACE,20453.0
20454,02/12/2021,2679.0,3260.0,EXCHANGE PLACE,20454.0
20455,01/30/2021,1347.0,2150.0,EXCHANGE PLACE,20455.0
20456,01/31/2021,971.0,1448.0,EXCHANGE PLACE,20456.0
20457,02/01/2021,410.0,519.0,EXCHANGE PLACE,20457.0
20458,02/02/2021,593.0,870.0,EXCHANGE PLACE,20458.0
20459,02/03/2021,2588.0,2913.0,EXCHANGE PLACE,20459.0
20460,02/04/2021,2623.0,3550.0,EXCHANGE PLACE,20460.0
20461,02/05/2021,2690.0,3392.0,EXCHANGE PLACE,20461.0
20462,01/23/2021,1530.0,2141.0,EXCHANGE PLACE,20462.0
20463,01/24/2021,1121.0,1456.0,EXCHANGE PLACE,20463.0
20464,01/25/2021,2631.0,3197.0,EXCHANGE PLACE,20464.0
20465,01/26/2021,2402.0,2900.0,EXCHANGE PLACE,20465.0
20466,01/27/2021,2646.0,3024.0,EXCHANGE PLACE,20466.0
20467,01/28/2021,2732.0,3301.0,EXCHANGE PLACE,20467.0
20468,01/29/2021,2507.0,3007.0,EXCHANGE PLACE,20468.0
20469,01/16/2021,1502.0,2108.0,EXCHANGE PLACE,20469.0
20470,01/17/2021,1254.0,1625.0,EXCHANGE PLACE,20470.0
20471,01/18/2021,1885.0,2347.0,EXCHANGE PLACE,20471.0
20472,01/19/2021,2632.0,3190.0,EXCHANGE PLACE,20472.0
20473,01/20/2021,2507.0,3006.0,EXCHANGE PLACE,20473.0
20474,01/21/2021,2720.0,3196.0,EXCHANGE PLACE,20474.0
20475,01/22/2021,2849.0,3368.0,EXCHANGE PLACE,20475.0
20476,01/09/2021,1448.0,1932.0,EXCHANGE PLACE,20476.0
20477,01/10/2021,1132.0,1611.0,EXCHANGE PLACE,20477.0
20478,01/11/2021,2287.0,2803.0,EXCHANGE PLACE,20478.0
20479,01/12/2021,2384.0,3260.0,EXCHANGE PLACE,20479.0
20480,01/13/2021,2692.0,3141.0,EXCHANGE PLACE,20480.0
20481,01/14/2021,2700.0,3238.0,EXCHANGE PLACE,20481.0
20482,01/15/2021,2551.0,3135.0,EXCHANGE PLACE,20482.0
20483,03/27/2021,3443.0,3462.0,PAVONIA/NEWPORT,20483.0
20484,03/28/2021,1396.0,1643.0,PAVONIA/NEWPORT,20484.0
20485,03/29/2021,2632.0,3091.0,PAVONIA/NEWPORT,20485.0
20486,03/30/2021,3029.0,3538.0,PAVONIA/NEWPORT,20486.0
20487,03/31/2021,2648.0,3332.0,PAVONIA/NEWPORT,20487.0
20488,04/01/2021,2835.0,3369.0,PAVONIA/NEWPORT,20488.0
20489,04/02/2021,3071.0,3644.0,PAVONIA/NEWPORT,20489.0
20490,03/20/2021,3057.0,3107.0,PAVONIA/NEWPORT,20490.0
20491,03/21/2021,2261.0,2621.0,PAVONIA/NEWPORT,20491.0
20492,03/22/2021,2602.0,3050.0,PAVONIA/NEWPORT,20492.0
20493,03/23/2021,2780.0,3267.0,PAVONIA/NEWPORT,20493.0
20494,03/24/2021,2649.0,3189.0,PAVONIA/NEWPORT,20494.0
20495,03/25/2021,2908.0,3500.0,PAVONIA/NEWPORT,20495.0
20496,03/26/2021,3278.0,3491.0,PAVONIA/NEWPORT,20496.0
20497,03/13/2021,2732.0,2875.0,PAVONIA/NEWPORT,20497.0
20498,03/14/2021,1750.0,2122.0,PAVONIA/NEWPORT,20498.0
20499,03/15/2021,2456.0,2817.0,PAVONIA/NEWPORT,20499.0
20500,03/16/2021,2574.0,3001.0,PAVONIA/NEWPORT,20500.0
20501,03/17/2021,2871.0,3339.0,PAVONIA/NEWPORT,20501.0
20502,03/18/2021,2504.0,2951.0,PAVONIA/NEWPORT,20502.0
20503,03/19/2021,3152.0,3580.0,PAVONIA/NEWPORT,20503.0
20504,03/06/2021,2346.0,2229.0,PAVONIA/NEWPORT,20504.0
20505,03/07/2021,1696.0,1715.0,PAVONIA/NEWPORT,20505.0
20506,03/08/2021,2480.0,3074.0,PAVONIA/NEWPORT,20506.0
20507,03/09/2021,2725.0,2905.0,PAVONIA/NEWPORT,20507.0
20508,03/10/2021,2706.0,2773.0,PAVONIA/NEWPORT,20508.0
20509,03/11/2021,2995.0,3496.0,PAVONIA/NEWPORT,20509.0
20510,03/12/2021,3372.0,3905.0,PAVONIA/NEWPORT,20510.0
20511,02/27/2021,2174.0,2604.0,PAVONIA/NEWPORT,20511.0
20512,02/28/2021,1372.0,1521.0,PAVONIA/NEWPORT,20512.0
20513,03/01/2021,2541.0,3052.0,PAVONIA/NEWPORT,20513.0
20514,03/02/2021,2390.0,2776.0,PAVONIA/NEWPORT,20514.0
20515,03/03/2021,2712.0,3157.0,PAVONIA/NEWPORT,20515.0
20516,03/04/2021,2669.0,2981.0,PAVONIA/NEWPORT,20516.0
20517,03/05/2021,3026.0,3724.0,PAVONIA/NEWPORT,20517.0
20518,02/20/2021,2839.0,2940.0,PAVONIA/NEWPORT,20518.0
20519,02/21/2021,1780.0,1791.0,PAVONIA/NEWPORT,20519.0
20520,02/22/2021,2113.0,2596.0,PAVONIA/NEWPORT,20520.0
20521,02/23/2021,2507.0,3030.0,PAVONIA/NEWPORT,20521.0
20522,02/24/2021,2749.0,3004.0,PAVONIA/NEWPORT,20522.0
20523,02/25/2021,2626.0,3037.0,PAVONIA/NEWPORT,20523.0
20524,02/26/2021,3119.0,3669.0,PAVONIA/NEWPORT,20524.0
20525,02/13/2021,2296.0,2754.0,PAVONIA/NEWPORT,20525.0
20526,02/14/2021,1919.0,2149.0,PAVONIA/NEWPORT,20526.0
20527,02/15/2021,2022.0,2187.0,PAVONIA/NEWPORT,20527.0
20528,02/16/2021,2358.0,2952.0,PAVONIA/NEWPORT,20528.0
20529,02/17/2021,2579.0,2706.0,PAVONIA/NEWPORT,20529.0
20530,02/18/2021,1501.0,1909.0,PAVONIA/NEWPORT,20530.0
20531,02/19/2021,2324.0,2762.0,PAVONIA/NEWPORT,20531.0
20532,02/06/2021,2844.0,3738.0,PAVONIA/NEWPORT,20532.0
20533,02/07/2021,859.0,989.0,PAVONIA/NEWPORT,20533.0
20534,02/08/2021,2355.0,2840.0,PAVONIA/NEWPORT,20534.0
20535,02/09/2021,2319.0,2880.0,PAVONIA/NEWPORT,20535.0
20536,02/10/2021,2461.0,3013.0,PAVONIA/NEWPORT,20536.0
20537,02/11/2021,2482.0,2988.0,PAVONIA/NEWPORT,20537.0
20538,02/12/2021,2890.0,3549.0,PAVONIA/NEWPORT,20538.0
20539,01/30/2021,1955.0,3045.0,PAVONIA/NEWPORT,20539.0
20540,01/31/2021,1269.0,1789.0,PAVONIA/NEWPORT,20540.0
20541,02/01/2021,383.0,492.0,PAVONIA/NEWPORT,20541.0
20542,02/02/2021,663.0,811.0,PAVONIA/NEWPORT,20542.0
20543,02/03/2021,2263.0,2744.0,PAVONIA/NEWPORT,20543.0
20544,02/04/2021,2557.0,3031.0,PAVONIA/NEWPORT,20544.0
20545,02/05/2021,2771.0,3591.0,PAVONIA/NEWPORT,20545.0
20546,01/23/2021,1991.0,2483.0,PAVONIA/NEWPORT,20546.0
20547,01/24/2021,1325.0,1533.0,PAVONIA/NEWPORT,20547.0
20548,01/25/2021,2232.0,2627.0,PAVONIA/NEWPORT,20548.0
20549,01/26/2021,2167.0,2694.0,PAVONIA/NEWPORT,20549.0
20550,01/27/2021,2489.0,2834.0,PAVONIA/NEWPORT,20550.0
20551,01/28/2021,2337.0,2901.0,PAVONIA/NEWPORT,20551.0
20552,01/29/2021,2274.0,2970.0,PAVONIA/NEWPORT,20552.0
20553,01/16/2021,1999.0,2487.0,PAVONIA/NEWPORT,20553.0
20554,01/17/2021,1638.0,1851.0,PAVONIA/NEWPORT,20554.0
20555,01/18/2021,2066.0,2374.0,PAVONIA/NEWPORT,20555.0
20556,01/19/2021,2488.0,3041.0,PAVONIA/NEWPORT,20556.0
20557,01/20/2021,2227.0,2823.0,PAVONIA/NEWPORT,20557.0
20558,01/21/2021,2379.0,2811.0,PAVONIA/NEWPORT,20558.0
20559,01/22/2021,2580.0,3260.0,PAVONIA/NEWPORT,20559.0
20560,01/09/2021,2054.0,2576.0,PAVONIA/NEWPORT,20560.0
20561,01/10/2021,1315.0,1756.0,PAVONIA/NEWPORT,20561.0
20562,01/11/2021,2206.0,2777.0,PAVONIA/NEWPORT,20562.0
20563,01/12/2021,2353.0,2881.0,PAVONIA/NEWPORT,20563.0
20564,01/13/2021,2441.0,3078.0,PAVONIA/NEWPORT,20564.0
20565,01/14/2021,2398.0,2798.0,PAVONIA/NEWPORT,20565.0
20566,01/15/2021,2573.0,3134.0,PAVONIA/NEWPORT,20566.0
20567,03/27/2021,3622.0,3920.0,CITY / BUS,20567.0
20568,03/28/2021,1336.0,1771.0,CITY / BUS,20568.0
20569,03/29/2021,3126.0,3327.0,CITY / BUS,20569.0
20570,03/30/2021,3545.0,3911.0,CITY / BUS,20570.0
20571,03/31/2021,3272.0,3454.0,CITY / BUS,20571.0
20572,04/01/2021,3435.0,3626.0,CITY / BUS,20572.0
20573,04/02/2021,3677.0,3803.0,CITY / BUS,20573.0
20574,03/20/2021,3313.0,3898.0,CITY / BUS,20574.0
20575,03/21/2021,2268.0,2570.0,CITY / BUS,20575.0
20576,03/22/2021,3145.0,3384.0,CITY / BUS,20576.0
20577,03/23/2021,3396.0,3691.0,CITY / BUS,20577.0
20578,03/24/2021,3130.0,3298.0,CITY / BUS,20578.0
20579,03/25/2021,3638.0,3653.0,CITY / BUS,20579.0
20580,03/26/2021,3714.0,3523.0,CITY / BUS,20580.0
20581,03/13/2021,3009.0,3347.0,CITY / BUS,20581.0
20582,03/14/2021,1889.0,2226.0,CITY / BUS,20582.0
20583,03/15/2021,3022.0,3169.0,CITY / BUS,20583.0
20584,03/16/2021,3226.0,3515.0,CITY / BUS,20584.0
20585,03/17/2021,3249.0,3582.0,CITY / BUS,20585.0
20586,03/18/2021,2961.0,3123.0,CITY / BUS,20586.0
20587,03/19/2021,3659.0,3841.0,CITY / BUS,20587.0
20588,03/06/2021,2700.0,3067.0,CITY / BUS,20588.0
20589,03/07/2021,1783.0,2328.0,CITY / BUS,20589.0
20590,03/08/2021,3099.0,2302.0,CITY / BUS,20590.0
20591,03/09/2021,3438.0,3660.0,CITY / BUS,20591.0
20592,03/10/2021,3567.0,3705.0,CITY / BUS,20592.0
20593,03/11/2021,3490.0,3672.0,CITY / BUS,20593.0
20594,03/12/2021,3802.0,3968.0,CITY / BUS,20594.0
20595,02/27/2021,2345.0,2759.0,CITY / BUS,20595.0
20596,02/28/2021,1456.0,1695.0,CITY / BUS,20596.0
20597,03/01/2021,2907.0,3285.0,CITY / BUS,20597.0
20598,03/02/2021,3069.0,3275.0,CITY / BUS,20598.0
20599,03/03/2021,3327.0,3634.0,CITY / BUS,20599.0
20600,03/04/2021,3233.0,3482.0,CITY / BUS,20600.0
20601,03/05/2021,3251.0,3387.0,CITY / BUS,20601.0
20602,02/20/2021,2624.0,2189.0,CITY / BUS,20602.0
20603,02/21/2021,1717.0,1937.0,CITY / BUS,20603.0
20604,02/22/2021,2632.0,2797.0,CITY / BUS,20604.0
20605,02/23/2021,2869.0,3183.0,CITY / BUS,20605.0
20606,02/24/2021,3227.0,3574.0,CITY / BUS,20606.0
20607,02/25/2021,3322.0,3436.0,CITY / BUS,20607.0
20608,02/26/2021,3493.0,3485.0,CITY / BUS,20608.0
20609,02/13/2021,2232.0,2600.0,CITY / BUS,20609.0
20610,02/14/2021,1738.0,1982.0,CITY / BUS,20610.0
20611,02/15/2021,2043.0,2302.0,CITY / BUS,20611.0
20612,02/16/2021,2728.0,3047.0,CITY / BUS,20612.0
20613,02/17/2021,3031.0,3220.0,CITY / BUS,20613.0
20614,02/18/2021,2012.0,3138.0,CITY / BUS,20614.0
20615,02/19/2021,2668.0,2756.0,CITY / BUS,20615.0
20616,02/06/2021,1902.0,1969.0,CITY / BUS,20616.0
20617,02/07/2021,821.0,1401.0,CITY / BUS,20617.0
20618,02/08/2021,2727.0,2944.0,CITY / BUS,20618.0
20619,02/09/2021,2858.0,2948.0,CITY / BUS,20619.0
20620,02/10/2021,2969.0,3352.0,CITY / BUS,20620.0
20621,02/11/2021,3026.0,2570.0,CITY / BUS,20621.0
20622,02/12/2021,3082.0,3448.0,CITY / BUS,20622.0
20623,01/30/2021,1755.0,1858.0,CITY / BUS,20623.0
20624,01/31/2021,1254.0,1397.0,CITY / BUS,20624.0
20625,02/01/2021,747.0,857.0,CITY / BUS,20625.0
20626,02/02/2021,897.0,1138.0,CITY / BUS,20626.0
20627,02/03/2021,2896.0,3163.0,CITY / BUS,20627.0
20628,02/04/2021,3091.0,3474.0,CITY / BUS,20628.0
20629,02/05/2021,3114.0,3743.0,CITY / BUS,20629.0
20630,01/23/2021,2120.0,2811.0,CITY / BUS,20630.0
20631,01/24/2021,1488.0,1765.0,CITY / BUS,20631.0
20632,01/25/2021,2777.0,3109.0,CITY / BUS,20632.0
20633,01/26/2021,2623.0,2959.0,CITY / BUS,20633.0
20634,01/27/2021,2982.0,3265.0,CITY / BUS,20634.0
20635,01/28/2021,2980.0,3358.0,CITY / BUS,20635.0
20636,01/29/2021,2736.0,3498.0,CITY / BUS,20636.0
20637,01/16/2021,2130.0,2836.0,CITY / BUS,20637.0
20638,01/17/2021,1763.0,2399.0,CITY / BUS,20638.0
20639,01/18/2021,2175.0,2626.0,CITY / BUS,20639.0
20640,01/19/2021,2863.0,3095.0,CITY / BUS,20640.0
20641,01/20/2021,2601.0,3062.0,CITY / BUS,20641.0
20642,01/21/2021,2998.0,3308.0,CITY / BUS,20642.0
20643,01/22/2021,3112.0,3654.0,CITY / BUS,20643.0
20644,01/09/2021,2055.0,2767.0,CITY / BUS,20644.0
20645,01/10/2021,1521.0,1901.0,CITY / BUS,20645.0
20646,01/11/2021,2637.0,3046.0,CITY / BUS,20646.0
20647,01/12/2021,2753.0,3257.0,CITY / BUS,20647.0
20648,01/13/2021,2920.0,3216.0,CITY / BUS,20648.0
20649,01/14/2021,3057.0,3290.0,CITY / BUS,20649.0
20650,01/15/2021,2923.0,3446.0,CITY / BUS,20650.0
20651,03/27/2021,2923.0,4519.0,CHRISTOPHER ST,20651.0
20652,03/28/2021,1355.0,1944.0,CHRISTOPHER ST,20652.0
20653,03/29/2021,2564.0,3298.0,CHRISTOPHER ST,20653.0
20654,03/30/2021,2946.0,3948.0,CHRISTOPHER ST,20654.0
20655,03/31/2021,2575.0,3513.0,CHRISTOPHER ST,20655.0
20656,04/01/2021,2841.0,3972.0,CHRISTOPHER ST,20656.0
20657,04/02/2021,3106.0,4360.0,CHRISTOPHER ST,20657.0
20658,03/20/2021,2657.0,4463.0,CHRISTOPHER ST,20658.0
20659,03/21/2021,2408.0,3401.0,CHRISTOPHER ST,20659.0
20660,03/22/2021,2544.0,3246.0,CHRISTOPHER ST,20660.0
20661,03/23/2021,2790.0,3724.0,CHRISTOPHER ST,20661.0
20662,03/24/2021,2525.0,3458.0,CHRISTOPHER ST,20662.0
20663,03/25/2021,2953.0,4300.0,CHRISTOPHER ST,20663.0
20664,03/26/2021,2982.0,4753.0,CHRISTOPHER ST,20664.0
20665,03/13/2021,2872.0,4444.0,CHRISTOPHER ST,20665.0
20666,03/14/2021,1859.0,2764.0,CHRISTOPHER ST,20666.0
20667,03/15/2021,2605.0,3297.0,CHRISTOPHER ST,20667.0
20668,03/16/2021,2645.0,3554.0,CHRISTOPHER ST,20668.0
20669,03/17/2021,2871.0,3946.0,CHRISTOPHER ST,20669.0
20670,03/18/2021,2610.0,3620.0,CHRISTOPHER ST,20670.0
20671,03/19/2021,3228.0,4457.0,CHRISTOPHER ST,20671.0
20672,03/06/2021,2695.0,3934.0,CHRISTOPHER ST,20672.0
20673,03/07/2021,1876.0,2790.0,CHRISTOPHER ST,20673.0
20674,03/08/2021,2749.0,3411.0,CHRISTOPHER ST,20674.0
20675,03/09/2021,3203.0,3989.0,CHRISTOPHER ST,20675.0
20676,03/10/2021,3117.0,4049.0,CHRISTOPHER ST,20676.0
20677,03/11/2021,3426.0,4629.0,CHRISTOPHER ST,20677.0
20678,03/12/2021,3717.0,5252.0,CHRISTOPHER ST,20678.0
20679,02/27/2021,2335.0,3205.0,CHRISTOPHER ST,20679.0
20680,02/28/2021,1526.0,2146.0,CHRISTOPHER ST,20680.0
20681,03/01/2021,2565.0,3226.0,CHRISTOPHER ST,20681.0
20682,03/02/2021,2793.0,3490.0,CHRISTOPHER ST,20682.0
20683,03/03/2021,2870.0,3775.0,CHRISTOPHER ST,20683.0
20684,03/04/2021,3069.0,3890.0,CHRISTOPHER ST,20684.0
20685,03/05/2021,3203.0,4421.0,CHRISTOPHER ST,20685.0
20686,02/20/2021,2416.0,3524.0,CHRISTOPHER ST,20686.0
20687,02/21/2021,1657.0,2536.0,CHRISTOPHER ST,20687.0
20688,02/22/2021,2407.0,2997.0,CHRISTOPHER ST,20688.0
20689,02/23/2021,2688.0,3398.0,CHRISTOPHER ST,20689.0
20690,02/24/2021,3001.0,3896.0,CHRISTOPHER ST,20690.0
20691,02/25/2021,2976.0,3803.0,CHRISTOPHER ST,20691.0
20692,02/26/2021,3165.0,4267.0,CHRISTOPHER ST,20692.0
20693,02/13/2021,2251.0,3250.0,CHRISTOPHER ST,20693.0
20694,02/14/2021,1821.0,2771.0,CHRISTOPHER ST,20694.0
20695,02/15/2021,2032.0,2596.0,CHRISTOPHER ST,20695.0
20696,02/16/2021,2444.0,3087.0,CHRISTOPHER ST,20696.0
20697,02/17/2021,2668.0,3274.0,CHRISTOPHER ST,20697.0
20698,02/18/2021,1916.0,2705.0,CHRISTOPHER ST,20698.0
20699,02/19/2021,2550.0,3437.0,CHRISTOPHER ST,20699.0
20700,02/06/2021,2268.0,3182.0,CHRISTOPHER ST,20700.0
20701,02/07/2021,1013.0,1414.0,CHRISTOPHER ST,20701.0
20702,02/08/2021,2418.0,2967.0,CHRISTOPHER ST,20702.0
20703,02/09/2021,2599.0,3106.0,CHRISTOPHER ST,20703.0
20704,02/10/2021,2713.0,3350.0,CHRISTOPHER ST,20704.0
20705,02/11/2021,2703.0,3369.0,CHRISTOPHER ST,20705.0
20706,02/12/2021,2937.0,3739.0,CHRISTOPHER ST,20706.0
20707,01/30/2021,2009.0,2654.0,CHRISTOPHER ST,20707.0
20708,01/31/2021,1237.0,1754.0,CHRISTOPHER ST,20708.0
20709,02/01/2021,679.0,954.0,CHRISTOPHER ST,20709.0
20710,02/02/2021,1271.0,1550.0,CHRISTOPHER ST,20710.0
20711,02/03/2021,2600.0,3186.0,CHRISTOPHER ST,20711.0
20712,02/04/2021,2687.0,3568.0,CHRISTOPHER ST,20712.0
20713,02/05/2021,2874.0,3665.0,CHRISTOPHER ST,20713.0
20714,01/23/2021,2136.0,2821.0,CHRISTOPHER ST,20714.0
20715,01/24/2021,1304.0,2034.0,CHRISTOPHER ST,20715.0
20716,01/25/2021,2131.0,2146.0,CHRISTOPHER ST,20716.0
20717,01/26/2021,2355.0,2987.0,CHRISTOPHER ST,20717.0
20718,01/27/2021,2621.0,3285.0,CHRISTOPHER ST,20718.0
20719,01/28/2021,2668.0,3378.0,CHRISTOPHER ST,20719.0
20720,01/29/2021,1761.0,3047.0,CHRISTOPHER ST,20720.0
20721,01/16/2021,2164.0,2878.0,CHRISTOPHER ST,20721.0
20722,01/17/2021,1650.0,2295.0,CHRISTOPHER ST,20722.0
20723,01/18/2021,2190.0,2782.0,CHRISTOPHER ST,20723.0
20724,01/19/2021,2610.0,3198.0,CHRISTOPHER ST,20724.0
20725,01/20/2021,2462.0,3014.0,CHRISTOPHER ST,20725.0
20726,01/21/2021,2573.0,3271.0,CHRISTOPHER ST,20726.0
20727,01/22/2021,2900.0,3667.0,CHRISTOPHER ST,20727.0
20728,01/09/2021,2019.0,2652.0,CHRISTOPHER ST,20728.0
20729,01/10/2021,1565.0,2117.0,CHRISTOPHER ST,20729.0
20730,01/11/2021,2310.0,2861.0,CHRISTOPHER ST,20730.0
20731,01/12/2021,2521.0,2948.0,CHRISTOPHER ST,20731.0
20732,01/13/2021,2570.0,3042.0,CHRISTOPHER ST,20732.0
20733,01/14/2021,2597.0,3286.0,CHRISTOPHER ST,20733.0
20734,01/15/2021,2569.0,3351.0,CHRISTOPHER ST,20734.0
20735,03/27/2021,1652.0,2236.0,9TH STREET,20735.0
20736,03/28/2021,631.0,820.0,9TH STREET,20736.0
20737,03/29/2021,931.0,1241.0,9TH STREET,20737.0
20738,03/30/2021,974.0,1379.0,9TH STREET,20738.0
20739,03/31/2021,947.0,1230.0,9TH STREET,20739.0
20740,04/01/2021,941.0,1378.0,9TH STREET,20740.0
20741,04/02/2021,1182.0,1506.0,9TH STREET,20741.0
20742,03/20/2021,1411.0,1918.0,9TH STREET,20742.0
20743,03/21/2021,1132.0,1417.0,9TH STREET,20743.0
20744,03/22/2021,915.0,1345.0,9TH STREET,20744.0
20745,03/23/2021,1064.0,1347.0,9TH STREET,20745.0
20746,03/24/2021,910.0,1231.0,9TH STREET,20746.0
20747,03/25/2021,1104.0,1576.0,9TH STREET,20747.0
20748,03/26/2021,1011.0,1753.0,9TH STREET,20748.0
20749,03/13/2021,1237.0,1831.0,9TH STREET,20749.0
20750,03/14/2021,853.0,1124.0,9TH STREET,20750.0
20751,03/15/2021,893.0,1212.0,9TH STREET,20751.0
20752,03/16/2021,907.0,1258.0,9TH STREET,20752.0
20753,03/17/2021,1053.0,1422.0,9TH STREET,20753.0
20754,03/18/2021,883.0,1186.0,9TH STREET,20754.0
20755,03/19/2021,1057.0,1537.0,9TH STREET,20755.0
20756,03/06/2021,1068.0,1550.0,9TH STREET,20756.0
20757,03/07/2021,804.0,1092.0,9TH STREET,20757.0
20758,03/08/2021,833.0,1189.0,9TH STREET,20758.0
20759,03/09/2021,982.0,1453.0,9TH STREET,20759.0
20760,03/10/2021,1040.0,1322.0,9TH STREET,20760.0
20761,03/11/2021,1136.0,1552.0,9TH STREET,20761.0
20762,03/12/2021,1229.0,1836.0,9TH STREET,20762.0
20763,02/27/2021,931.0,1352.0,9TH STREET,20763.0
20764,02/28/2021,624.0,817.0,9TH STREET,20764.0
20765,03/01/2021,876.0,1149.0,9TH STREET,20765.0
20766,03/02/2021,887.0,1289.0,9TH STREET,20766.0
20767,03/03/2021,986.0,1408.0,9TH STREET,20767.0
20768,03/04/2021,1069.0,1330.0,9TH STREET,20768.0
20769,03/05/2021,984.0,1489.0,9TH STREET,20769.0
20770,02/20/2021,1163.0,1585.0,9TH STREET,20770.0
20771,02/21/2021,807.0,1092.0,9TH STREET,20771.0
20772,02/22/2021,760.0,968.0,9TH STREET,20772.0
20773,02/23/2021,937.0,1246.0,9TH STREET,20773.0
20774,02/24/2021,1006.0,1342.0,9TH STREET,20774.0
20775,02/25/2021,1032.0,1338.0,9TH STREET,20775.0
20776,02/26/2021,1071.0,1451.0,9TH STREET,20776.0
20777,02/13/2021,941.0,1293.0,9TH STREET,20777.0
20778,02/14/2021,787.0,1099.0,9TH STREET,20778.0
20779,02/15/2021,729.0,1068.0,9TH STREET,20779.0
20780,02/16/2021,890.0,1204.0,9TH STREET,20780.0
20781,02/17/2021,904.0,1194.0,9TH STREET,20781.0
20782,02/18/2021,542.0,794.0,9TH STREET,20782.0
20783,02/19/2021,776.0,1156.0,9TH STREET,20783.0
20784,02/06/2021,1054.0,1291.0,9TH STREET,20784.0
20785,02/07/2021,400.0,553.0,9TH STREET,20785.0
20786,02/08/2021,839.0,1101.0,9TH STREET,20786.0
20787,02/09/2021,893.0,1183.0,9TH STREET,20787.0
20788,02/10/2021,897.0,1223.0,9TH STREET,20788.0
20789,02/11/2021,998.0,1234.0,9TH STREET,20789.0
20790,02/12/2021,1008.0,1313.0,9TH STREET,20790.0
20791,01/30/2021,829.0,1115.0,9TH STREET,20791.0
20792,01/31/2021,531.0,758.0,9TH STREET,20792.0
20793,02/01/2021,115.0,176.0,9TH STREET,20793.0
20794,02/02/2021,221.0,348.0,9TH STREET,20794.0
20795,02/03/2021,798.0,1086.0,9TH STREET,20795.0
20796,02/04/2021,963.0,1219.0,9TH STREET,20796.0
20797,02/05/2021,930.0,1266.0,9TH STREET,20797.0
20798,01/23/2021,1010.0,1224.0,9TH STREET,20798.0
20799,01/24/2021,616.0,826.0,9TH STREET,20799.0
20800,01/25/2021,769.0,1053.0,9TH STREET,20800.0
20801,01/26/2021,773.0,1016.0,9TH STREET,20801.0
20802,01/27/2021,875.0,1189.0,9TH STREET,20802.0
20803,01/28/2021,905.0,1140.0,9TH STREET,20803.0
20804,01/29/2021,847.0,1122.0,9TH STREET,20804.0
20805,01/16/2021,962.0,1243.0,9TH STREET,20805.0
20806,01/17/2021,783.0,1076.0,9TH STREET,20806.0
20807,01/18/2021,801.0,1111.0,9TH STREET,20807.0
20808,01/19/2021,853.0,1139.0,9TH STREET,20808.0
20809,01/20/2021,736.0,1042.0,9TH STREET,20809.0
20810,01/21/2021,930.0,1159.0,9TH STREET,20810.0
20811,01/22/2021,875.0,1292.0,9TH STREET,20811.0
20812,01/09/2021,900.0,1151.0,9TH STREET,20812.0
20813,01/10/2021,643.0,896.0,9TH STREET,20813.0
20814,01/11/2021,757.0,1038.0,9TH STREET,20814.0
20815,01/12/2021,795.0,1096.0,9TH STREET,20815.0
20816,01/13/2021,809.0,1198.0,9TH STREET,20816.0
20817,01/14/2021,903.0,1180.0,9TH STREET,20817.0
20818,01/15/2021,878.0,1169.0,9TH STREET,20818.0
20819,03/27/2021,2353.0,2723.0,14TH STREET,20819.0
20820,03/28/2021,981.0,1336.0,14TH STREET,20820.0
20821,03/29/2021,2024.0,2674.0,14TH STREET,20821.0
20822,03/30/2021,2260.0,2755.0,14TH STREET,20822.0
20823,03/31/2021,2112.0,2686.0,14TH STREET,20823.0
20824,04/01/2021,2220.0,2822.0,14TH STREET,20824.0
20825,04/02/2021,1992.0,2642.0,14TH STREET,20825.0
20826,03/20/2021,2197.0,2566.0,14TH STREET,20826.0
20827,03/21/2021,1484.0,2155.0,14TH STREET,20827.0
20828,03/22/2021,2189.0,2782.0,14TH STREET,20828.0
20829,03/23/2021,2342.0,2933.0,14TH STREET,20829.0
20830,03/24/2021,2023.0,2821.0,14TH STREET,20830.0
20831,03/25/2021,2412.0,3126.0,14TH STREET,20831.0
20832,03/26/2021,1958.0,3028.0,14TH STREET,20832.0
20833,03/13/2021,1910.0,2480.0,14TH STREET,20833.0
20834,03/14/2021,1159.0,1571.0,14TH STREET,20834.0
20835,03/15/2021,1943.0,2472.0,14TH STREET,20835.0
20836,03/16/2021,2143.0,2717.0,14TH STREET,20836.0
20837,03/17/2021,2131.0,2902.0,14TH STREET,20837.0
20838,03/18/2021,2015.0,2658.0,14TH STREET,20838.0
20839,03/19/2021,2295.0,3056.0,14TH STREET,20839.0
20840,03/06/2021,1809.0,2353.0,14TH STREET,20840.0
20841,03/07/2021,1266.0,1512.0,14TH STREET,20841.0
20842,03/08/2021,1929.0,2567.0,14TH STREET,20842.0
20843,03/09/2021,2206.0,2891.0,14TH STREET,20843.0
20844,03/10/2021,2248.0,2973.0,14TH STREET,20844.0
20845,03/11/2021,2198.0,2922.0,14TH STREET,20845.0
20846,03/12/2021,2436.0,3092.0,14TH STREET,20846.0
20847,02/27/2021,1676.0,2117.0,14TH STREET,20847.0
20848,02/28/2021,1032.0,1312.0,14TH STREET,20848.0
20849,03/01/2021,1850.0,2477.0,14TH STREET,20849.0
20850,03/02/2021,2125.0,2628.0,14TH STREET,20850.0
20851,03/03/2021,2228.0,2893.0,14TH STREET,20851.0
20852,03/04/2021,1813.0,2734.0,14TH STREET,20852.0
20853,03/05/2021,2250.0,2918.0,14TH STREET,20853.0
20854,02/20/2021,1814.0,2411.0,14TH STREET,20854.0
20855,02/21/2021,1265.0,1623.0,14TH STREET,20855.0
20856,02/22/2021,1122.0,2308.0,14TH STREET,20856.0
20857,02/23/2021,2027.0,2632.0,14TH STREET,20857.0
20858,02/24/2021,2203.0,2808.0,14TH STREET,20858.0
20859,02/25/2021,2085.0,2715.0,14TH STREET,20859.0
20860,02/26/2021,2206.0,2908.0,14TH STREET,20860.0
20861,02/13/2021,1692.0,2060.0,14TH STREET,20861.0
20862,02/14/2021,1205.0,1557.0,14TH STREET,20862.0
20863,02/15/2021,1365.0,1992.0,14TH STREET,20863.0
20864,02/16/2021,1875.0,2323.0,14TH STREET,20864.0
20865,02/17/2021,2025.0,2580.0,14TH STREET,20865.0
20866,02/18/2021,1349.0,1806.0,14TH STREET,20866.0
20867,02/19/2021,1676.0,2223.0,14TH STREET,20867.0
20868,02/06/2021,1554.0,2003.0,14TH STREET,20868.0
20869,02/07/2021,804.0,986.0,14TH STREET,20869.0
20870,02/08/2021,1818.0,2454.0,14TH STREET,20870.0
20871,02/09/2021,1901.0,2406.0,14TH STREET,20871.0
20872,02/10/2021,2058.0,2754.0,14TH STREET,20872.0
20873,02/11/2021,2170.0,2569.0,14TH STREET,20873.0
20874,02/12/2021,2182.0,2762.0,14TH STREET,20874.0
20875,01/30/2021,1566.0,1835.0,14TH STREET,20875.0
20876,01/31/2021,976.0,1359.0,14TH STREET,20876.0
20877,02/01/2021,327.0,541.0,14TH STREET,20877.0
20878,02/02/2021,476.0,703.0,14TH STREET,20878.0
20879,02/03/2021,1884.0,2362.0,14TH STREET,20879.0
20880,02/04/2021,2163.0,2479.0,14TH STREET,20880.0
20881,02/05/2021,2209.0,2712.0,14TH STREET,20881.0
20882,01/23/2021,1637.0,2043.0,14TH STREET,20882.0
20883,01/24/2021,1137.0,1460.0,14TH STREET,20883.0
20884,01/25/2021,1884.0,2412.0,14TH STREET,20884.0
20885,01/26/2021,1852.0,2453.0,14TH STREET,20885.0
20886,01/27/2021,1957.0,2640.0,14TH STREET,20886.0
20887,01/28/2021,2150.0,2654.0,14TH STREET,20887.0
20888,01/29/2021,1947.0,2490.0,14TH STREET,20888.0
20889,01/16/2021,1568.0,2005.0,14TH STREET,20889.0
20890,01/17/2021,1352.0,1667.0,14TH STREET,20890.0
20891,01/18/2021,1494.0,2224.0,14TH STREET,20891.0
20892,01/19/2021,1967.0,2570.0,14TH STREET,20892.0
20893,01/20/2021,1857.0,2463.0,14TH STREET,20893.0
20894,01/21/2021,2096.0,2598.0,14TH STREET,20894.0
20895,01/22/2021,2143.0,2733.0,14TH STREET,20895.0
20896,01/09/2021,1666.0,2042.0,14TH STREET,20896.0
20897,01/10/2021,1155.0,1499.0,14TH STREET,20897.0
20898,01/11/2021,1823.0,2439.0,14TH STREET,20898.0
20899,01/12/2021,1954.0,2558.0,14TH STREET,20899.0
20900,01/13/2021,1952.0,2639.0,14TH STREET,20900.0
20901,01/14/2021,2057.0,2508.0,14TH STREET,20901.0
20902,01/15/2021,2062.0,2645.0,14TH STREET,20902.0
20903,03/27/2021,1337.0,1900.0,TWENTY THIRD ST,20903.0
20904,03/28/2021,597.0,896.0,TWENTY THIRD ST,20904.0
20905,03/29/2021,1666.0,2251.0,TWENTY THIRD ST,20905.0
20906,03/30/2021,1959.0,2448.0,TWENTY THIRD ST,20906.0
20907,03/31/2021,1795.0,2329.0,TWENTY THIRD ST,20907.0
20908,04/01/2021,1684.0,2345.0,TWENTY THIRD ST,20908.0
20909,04/02/2021,1776.0,2394.0,TWENTY THIRD ST,20909.0
20910,03/20/2021,1233.0,1739.0,TWENTY THIRD ST,20910.0
20911,03/21/2021,820.0,1212.0,TWENTY THIRD ST,20911.0
20912,03/22/2021,1691.0,2177.0,TWENTY THIRD ST,20912.0
20913,03/23/2021,1868.0,2517.0,TWENTY THIRD ST,20913.0
20914,03/24/2021,1836.0,2355.0,TWENTY THIRD ST,20914.0
20915,03/25/2021,1747.0,2462.0,TWENTY THIRD ST,20915.0
20916,03/26/2021,1549.0,2622.0,TWENTY THIRD ST,20916.0
20917,03/13/2021,1216.0,1673.0,TWENTY THIRD ST,20917.0
20918,03/14/2021,678.0,961.0,TWENTY THIRD ST,20918.0
20919,03/15/2021,1652.0,2190.0,TWENTY THIRD ST,20919.0
20920,03/16/2021,1784.0,2289.0,TWENTY THIRD ST,20920.0
20921,03/17/2021,1902.0,2418.0,TWENTY THIRD ST,20921.0
20922,03/18/2021,1587.0,2209.0,TWENTY THIRD ST,20922.0
20923,03/19/2021,1896.0,2502.0,TWENTY THIRD ST,20923.0
20924,03/06/2021,1059.0,1405.0,TWENTY THIRD ST,20924.0
20925,03/07/2021,693.0,1035.0,TWENTY THIRD ST,20925.0
20926,03/08/2021,1691.0,2082.0,TWENTY THIRD ST,20926.0
20927,03/09/2021,1799.0,2416.0,TWENTY THIRD ST,20927.0
20928,03/10/2021,1818.0,2406.0,TWENTY THIRD ST,20928.0
20929,03/11/2021,1987.0,2542.0,TWENTY THIRD ST,20929.0
20930,03/12/2021,1768.0,2617.0,TWENTY THIRD ST,20930.0
20931,02/27/2021,916.0,1263.0,TWENTY THIRD ST,20931.0
20932,02/28/2021,583.0,870.0,TWENTY THIRD ST,20932.0
20933,03/01/2021,1704.0,2145.0,TWENTY THIRD ST,20933.0
20934,03/02/2021,1704.0,2226.0,TWENTY THIRD ST,20934.0
20935,03/03/2021,1821.0,2390.0,TWENTY THIRD ST,20935.0
20936,03/04/2021,1848.0,2351.0,TWENTY THIRD ST,20936.0
20937,03/05/2021,1721.0,2364.0,TWENTY THIRD ST,20937.0
20938,02/20/2021,1075.0,1495.0,TWENTY THIRD ST,20938.0
20939,02/21/2021,644.0,973.0,TWENTY THIRD ST,20939.0
20940,02/22/2021,1491.0,1785.0,TWENTY THIRD ST,20940.0
20941,02/23/2021,1667.0,2200.0,TWENTY THIRD ST,20941.0
20942,02/24/2021,1785.0,2329.0,TWENTY THIRD ST,20942.0
20943,02/25/2021,1816.0,2379.0,TWENTY THIRD ST,20943.0
20944,02/26/2021,1753.0,2339.0,TWENTY THIRD ST,20944.0
20945,02/13/2021,1021.0,1334.0,TWENTY THIRD ST,20945.0
20946,02/14/2021,705.0,1065.0,TWENTY THIRD ST,20946.0
20947,02/15/2021,1066.0,1449.0,TWENTY THIRD ST,20947.0
20948,02/16/2021,1609.0,2120.0,TWENTY THIRD ST,20948.0
20949,02/17/2021,1768.0,2241.0,TWENTY THIRD ST,20949.0
20950,02/18/2021,1081.0,1475.0,TWENTY THIRD ST,20950.0
20951,02/19/2021,1330.0,1796.0,TWENTY THIRD ST,20951.0
20952,02/06/2021,1173.0,1420.0,TWENTY THIRD ST,20952.0
20953,02/07/2021,411.0,613.0,TWENTY THIRD ST,20953.0
20954,02/08/2021,1609.0,2016.0,TWENTY THIRD ST,20954.0
20955,02/09/2021,1536.0,2123.0,TWENTY THIRD ST,20955.0
20956,02/10/2021,1796.0,2194.0,TWENTY THIRD ST,20956.0
20957,02/11/2021,1678.0,2130.0,TWENTY THIRD ST,20957.0
20958,02/12/2021,1613.0,2041.0,TWENTY THIRD ST,20958.0
20959,01/30/2021,886.0,1126.0,TWENTY THIRD ST,20959.0
20960,01/31/2021,522.0,766.0,TWENTY THIRD ST,20960.0
20961,02/01/2021,230.0,409.0,TWENTY THIRD ST,20961.0
20962,02/02/2021,354.0,463.0,TWENTY THIRD ST,20962.0
20963,02/03/2021,1629.0,2053.0,TWENTY THIRD ST,20963.0
20964,02/04/2021,1712.0,2080.0,TWENTY THIRD ST,20964.0
20965,02/05/2021,1795.0,2237.0,TWENTY THIRD ST,20965.0
20966,01/23/2021,904.0,1249.0,TWENTY THIRD ST,20966.0
20967,01/24/2021,592.0,904.0,TWENTY THIRD ST,20967.0
20968,01/25/2021,1569.0,2053.0,TWENTY THIRD ST,20968.0
20969,01/26/2021,1452.0,1976.0,TWENTY THIRD ST,20969.0
20970,01/27/2021,1708.0,2160.0,TWENTY THIRD ST,20970.0
20971,01/28/2021,1661.0,2169.0,TWENTY THIRD ST,20971.0
20972,01/29/2021,1560.0,2078.0,TWENTY THIRD ST,20972.0
20973,01/16/2021,955.0,1193.0,TWENTY THIRD ST,20973.0
20974,01/17/2021,730.0,1050.0,TWENTY THIRD ST,20974.0
20975,01/18/2021,1116.0,1489.0,TWENTY THIRD ST,20975.0
20976,01/19/2021,1644.0,2207.0,TWENTY THIRD ST,20976.0
20977,01/20/2021,1557.0,2053.0,TWENTY THIRD ST,20977.0
20978,01/21/2021,1691.0,2146.0,TWENTY THIRD ST,20978.0
20979,01/22/2021,1654.0,2152.0,TWENTY THIRD ST,20979.0
20980,01/09/2021,1005.0,1239.0,TWENTY THIRD ST,20980.0
20981,01/10/2021,677.0,908.0,TWENTY THIRD ST,20981.0
20982,01/11/2021,1548.0,1984.0,TWENTY THIRD ST,20982.0
20983,01/12/2021,1586.0,2092.0,TWENTY THIRD ST,20983.0
20984,01/13/2021,1694.0,2186.0,TWENTY THIRD ST,20984.0
20985,01/14/2021,1636.0,2165.0,TWENTY THIRD ST,20985.0
20986,01/15/2021,1634.0,2110.0,TWENTY THIRD ST,20986.0
20987,03/27/2021,1503.0,569.0,THIRTY ST,20987.0
20988,03/28/2021,1112.0,1904.0,THIRTY ST,20988.0
20989,03/29/2021,2779.0,3170.0,THIRTY ST,20989.0
20990,03/30/2021,2872.0,3443.0,THIRTY ST,20990.0
20991,03/31/2021,3095.0,3395.0,THIRTY ST,20991.0
20992,04/01/2021,3228.0,3598.0,THIRTY ST,20992.0
20993,04/02/2021,2395.0,3133.0,THIRTY ST,20993.0
20994,03/20/2021,1577.0,2433.0,THIRTY ST,20994.0
20995,03/21/2021,1172.0,1657.0,THIRTY ST,20995.0
20996,03/22/2021,2763.0,2916.0,THIRTY ST,20996.0
20997,03/23/2021,2677.0,3100.0,THIRTY ST,20997.0
20998,03/24/2021,2655.0,2821.0,THIRTY ST,20998.0
20999,03/25/2021,2962.0,3056.0,THIRTY ST,20999.0
21000,03/26/2021,2302.0,2939.0,THIRTY ST,21000.0
21001,03/13/2021,1376.0,475.0,THIRTY ST,21001.0
21002,03/14/2021,962.0,298.0,THIRTY ST,21002.0
21003,03/15/2021,2688.0,2934.0,THIRTY ST,21003.0
21004,03/16/2021,2694.0,2877.0,THIRTY ST,21004.0
21005,03/17/2021,2757.0,3069.0,THIRTY ST,21005.0
21006,03/18/2021,2669.0,2768.0,THIRTY ST,21006.0
21007,03/19/2021,2819.0,3138.0,THIRTY ST,21007.0
21008,03/06/2021,1015.0,203.0,THIRTY ST,21008.0
21009,03/07/2021,918.0,2325.0,THIRTY ST,21009.0
21010,03/08/2021,2631.0,2764.0,THIRTY ST,21010.0
21011,03/09/2021,2866.0,2915.0,THIRTY ST,21011.0
21012,03/10/2021,2639.0,3040.0,THIRTY ST,21012.0
21013,03/11/2021,2918.0,3383.0,THIRTY ST,21013.0
21014,03/12/2021,2886.0,3424.0,THIRTY ST,21014.0
21015,02/27/2021,913.0,192.0,THIRTY ST,21015.0
21016,02/28/2021,563.0,136.0,THIRTY ST,21016.0
21017,03/01/2021,2594.0,2608.0,THIRTY ST,21017.0
21018,03/02/2021,2614.0,2847.0,THIRTY ST,21018.0
21019,03/03/2021,2623.0,3100.0,THIRTY ST,21019.0
21020,03/04/2021,2735.0,2986.0,THIRTY ST,21020.0
21021,03/05/2021,2670.0,3067.0,THIRTY ST,21021.0
21022,02/20/2021,1181.0,950.0,THIRTY ST,21022.0
21023,02/21/2021,928.0,409.0,THIRTY ST,21023.0
21024,02/22/2021,2439.0,2342.0,THIRTY ST,21024.0
21025,02/23/2021,2621.0,2555.0,THIRTY ST,21025.0
21026,02/24/2021,2702.0,2844.0,THIRTY ST,21026.0
21027,02/25/2021,2696.0,2605.0,THIRTY ST,21027.0
21028,02/26/2021,2760.0,2438.0,THIRTY ST,21028.0
21029,02/13/2021,1095.0,434.0,THIRTY ST,21029.0
21030,02/14/2021,838.0,452.0,THIRTY ST,21030.0
21031,02/15/2021,1853.0,3347.0,THIRTY ST,21031.0
21032,02/16/2021,3178.0,2962.0,THIRTY ST,21032.0
21033,02/17/2021,2539.0,3076.0,THIRTY ST,21033.0
21034,02/18/2021,1752.0,2161.0,THIRTY ST,21034.0
21035,02/19/2021,2198.0,2883.0,THIRTY ST,21035.0
21036,02/06/2021,1207.0,450.0,THIRTY ST,21036.0
21037,02/07/2021,645.0,1315.0,THIRTY ST,21037.0
21038,02/08/2021,2412.0,3072.0,THIRTY ST,21038.0
21039,02/09/2021,2557.0,2836.0,THIRTY ST,21039.0
21040,02/10/2021,2589.0,3377.0,THIRTY ST,21040.0
21041,02/11/2021,2481.0,3077.0,THIRTY ST,21041.0
21042,02/12/2021,3167.0,3876.0,THIRTY ST,21042.0
21043,01/30/2021,1034.0,935.0,THIRTY ST,21043.0
21044,01/31/2021,679.0,322.0,THIRTY ST,21044.0
21045,02/01/2021,483.0,718.0,THIRTY ST,21045.0
21046,02/02/2021,620.0,310.0,THIRTY ST,21046.0
21047,02/03/2021,2274.0,2357.0,THIRTY ST,21047.0
21048,02/04/2021,2541.0,2390.0,THIRTY ST,21048.0
21049,02/05/2021,2577.0,2809.0,THIRTY ST,21049.0
21050,01/23/2021,1145.0,393.0,THIRTY ST,21050.0
21051,01/24/2021,888.0,686.0,THIRTY ST,21051.0
21052,01/25/2021,2511.0,2334.0,THIRTY ST,21052.0
21053,01/26/2021,2461.0,2129.0,THIRTY ST,21053.0
21054,01/27/2021,2594.0,2399.0,THIRTY ST,21054.0
21055,01/28/2021,2521.0,2516.0,THIRTY ST,21055.0
21056,01/29/2021,2324.0,2142.0,THIRTY ST,21056.0
21057,01/16/2021,1526.0,1907.0,THIRTY ST,21057.0
21058,01/17/2021,993.0,300.0,THIRTY ST,21058.0
21059,01/18/2021,1978.0,1226.0,THIRTY ST,21059.0
21060,01/19/2021,2615.0,2295.0,THIRTY ST,21060.0
21061,01/20/2021,2400.0,2146.0,THIRTY ST,21061.0
21062,01/21/2021,2597.0,2239.0,THIRTY ST,21062.0
21063,01/22/2021,2526.0,2329.0,THIRTY ST,21063.0
21064,01/09/2021,1088.0,195.0,THIRTY ST,21064.0
21065,01/10/2021,881.0,1032.0,THIRTY ST,21065.0
21066,01/11/2021,2405.0,2359.0,THIRTY ST,21066.0
21067,01/12/2021,2607.0,2138.0,THIRTY ST,21067.0
21068,01/13/2021,2518.0,2286.0,THIRTY ST,21068.0
21069,01/14/2021,2622.0,2490.0,THIRTY ST,21069.0
21070,01/15/2021,2575.0,2184.0,THIRTY ST,21070.0
21071,03/27/2021,1138.0,1180.0,LACKAWANNA,21071.0
21072,03/28/2021,350.0,533.0,LACKAWANNA,21072.0
21073,03/29/2021,1532.0,1647.0,LACKAWANNA,21073.0
21074,03/30/2021,1649.0,1926.0,LACKAWANNA,21074.0
21075,03/31/2021,1551.0,1831.0,LACKAWANNA,21075.0
21076,04/01/2021,1477.0,1762.0,LACKAWANNA,21076.0
21077,04/02/2021,1163.0,1546.0,LACKAWANNA,21077.0
21078,03/20/2021,822.0,913.0,LACKAWANNA,21078.0
21079,03/21/2021,669.0,875.0,LACKAWANNA,21079.0
21080,03/22/2021,1447.0,1699.0,LACKAWANNA,21080.0
21081,03/23/2021,1608.0,1863.0,LACKAWANNA,21081.0
21082,03/24/2021,1455.0,1703.0,LACKAWANNA,21082.0
21083,03/25/2021,1641.0,1860.0,LACKAWANNA,21083.0
21084,03/26/2021,1527.0,1719.0,LACKAWANNA,21084.0
21085,03/13/2021,770.0,954.0,LACKAWANNA,21085.0
21086,03/14/2021,507.0,630.0,LACKAWANNA,21086.0
21087,03/15/2021,1334.0,1565.0,LACKAWANNA,21087.0
21088,03/16/2021,1515.0,1735.0,LACKAWANNA,21088.0
21089,03/17/2021,1595.0,1870.0,LACKAWANNA,21089.0
21090,03/18/2021,1389.0,1609.0,LACKAWANNA,21090.0
21091,03/19/2021,1391.0,1690.0,LACKAWANNA,21091.0
21092,03/06/2021,559.0,705.0,LACKAWANNA,21092.0
21093,03/07/2021,442.0,588.0,LACKAWANNA,21093.0
21094,03/08/2021,1375.0,1558.0,LACKAWANNA,21094.0
21095,03/09/2021,1553.0,1818.0,LACKAWANNA,21095.0
21096,03/10/2021,1550.0,1798.0,LACKAWANNA,21096.0
21097,03/11/2021,1569.0,1828.0,LACKAWANNA,21097.0
21098,03/12/2021,1405.0,1762.0,LACKAWANNA,21098.0
21099,02/27/2021,506.0,682.0,LACKAWANNA,21099.0
21100,02/28/2021,302.0,474.0,LACKAWANNA,21100.0
21101,03/01/2021,1358.0,1555.0,LACKAWANNA,21101.0
21102,03/02/2021,1428.0,1637.0,LACKAWANNA,21102.0
21103,03/03/2021,1491.0,1715.0,LACKAWANNA,21103.0
21104,03/04/2021,1347.0,1638.0,LACKAWANNA,21104.0
21105,03/05/2021,1325.0,1552.0,LACKAWANNA,21105.0
21106,02/20/2021,548.0,730.0,LACKAWANNA,21106.0
21107,02/21/2021,429.0,570.0,LACKAWANNA,21107.0
21108,02/22/2021,1228.0,1421.0,LACKAWANNA,21108.0
21109,02/23/2021,1511.0,1617.0,LACKAWANNA,21109.0
21110,02/24/2021,1508.0,1772.0,LACKAWANNA,21110.0
21111,02/25/2021,1307.0,1679.0,LACKAWANNA,21111.0
21112,02/26/2021,1167.0,1659.0,LACKAWANNA,21112.0
21113,02/13/2021,509.0,762.0,LACKAWANNA,21113.0
21114,02/14/2021,390.0,466.0,LACKAWANNA,21114.0
21115,02/15/2021,551.0,724.0,LACKAWANNA,21115.0
21116,02/16/2021,1261.0,1476.0,LACKAWANNA,21116.0
21117,02/17/2021,1454.0,1599.0,LACKAWANNA,21117.0
21118,02/18/2021,899.0,1028.0,LACKAWANNA,21118.0
21119,02/19/2021,987.0,1172.0,LACKAWANNA,21119.0
21120,02/06/2021,381.0,630.0,LACKAWANNA,21120.0
21121,02/07/2021,175.0,323.0,LACKAWANNA,21121.0
21122,02/08/2021,1199.0,1453.0,LACKAWANNA,21122.0
21123,02/09/2021,1240.0,1468.0,LACKAWANNA,21123.0
21124,02/10/2021,1403.0,1609.0,LACKAWANNA,21124.0
21125,02/11/2021,1287.0,1562.0,LACKAWANNA,21125.0
21126,02/12/2021,1222.0,1500.0,LACKAWANNA,21126.0
21127,01/30/2021,419.0,630.0,LACKAWANNA,21127.0
21128,01/31/2021,256.0,479.0,LACKAWANNA,21128.0
21129,02/01/2021,90.0,205.0,LACKAWANNA,21129.0
21130,02/02/2021,115.0,260.0,LACKAWANNA,21130.0
21131,02/03/2021,1113.0,1306.0,LACKAWANNA,21131.0
21132,02/04/2021,1273.0,1609.0,LACKAWANNA,21132.0
21133,02/05/2021,1244.0,1555.0,LACKAWANNA,21133.0
21134,01/23/2021,539.0,786.0,LACKAWANNA,21134.0
21135,01/24/2021,394.0,601.0,LACKAWANNA,21135.0
21136,01/25/2021,1339.0,1450.0,LACKAWANNA,21136.0
21137,01/26/2021,1176.0,1392.0,LACKAWANNA,21137.0
21138,01/27/2021,1324.0,1545.0,LACKAWANNA,21138.0
21139,01/28/2021,1351.0,1545.0,LACKAWANNA,21139.0
21140,01/29/2021,912.0,1359.0,LACKAWANNA,21140.0
21141,01/16/2021,453.0,767.0,LACKAWANNA,21141.0
21142,01/17/2021,477.0,614.0,LACKAWANNA,21142.0
21143,01/18/2021,635.0,750.0,LACKAWANNA,21143.0
21144,01/19/2021,1339.0,1590.0,LACKAWANNA,21144.0
21145,01/20/2021,1267.0,1439.0,LACKAWANNA,21145.0
21146,01/21/2021,1315.0,1657.0,LACKAWANNA,21146.0
21147,01/22/2021,1310.0,1584.0,LACKAWANNA,21147.0
21148,01/09/2021,518.0,647.0,LACKAWANNA,21148.0
21149,01/10/2021,377.0,564.0,LACKAWANNA,21149.0
21150,01/11/2021,1191.0,1388.0,LACKAWANNA,21150.0
21151,01/12/2021,1330.0,1652.0,LACKAWANNA,21151.0
21152,01/13/2021,1270.0,1595.0,LACKAWANNA,21152.0
21153,01/14/2021,1307.0,1603.0,LACKAWANNA,21153.0
21154,01/15/2021,1144.0,1454.0,LACKAWANNA,21154.0
21155,03/27/2021,4573.0,4773.0,THIRTY THIRD ST,21155.0
21156,03/28/2021,1912.0,807.0,THIRTY THIRD ST,21156.0
21157,03/29/2021,4515.0,3963.0,THIRTY THIRD ST,21157.0
21158,03/30/2021,5106.0,4015.0,THIRTY THIRD ST,21158.0
21159,03/31/2021,4737.0,3971.0,THIRTY THIRD ST,21159.0
21160,04/01/2021,4622.0,3785.0,THIRTY THIRD ST,21160.0
21161,04/02/2021,4273.0,3560.0,THIRTY THIRD ST,21161.0
21162,03/20/2021,3773.0,3015.0,THIRTY THIRD ST,21162.0
21163,03/21/2021,3007.0,2080.0,THIRTY THIRD ST,21163.0
21164,03/22/2021,4718.0,4088.0,THIRTY THIRD ST,21164.0
21165,03/23/2021,4737.0,4250.0,THIRTY THIRD ST,21165.0
21166,03/24/2021,4690.0,4068.0,THIRTY THIRD ST,21166.0
21167,03/25/2021,4979.0,4245.0,THIRTY THIRD ST,21167.0
21168,03/26/2021,3939.0,3961.0,THIRTY THIRD ST,21168.0
21169,03/13/2021,3962.0,4279.0,THIRTY THIRD ST,21169.0
21170,03/14/2021,2739.0,2930.0,THIRTY THIRD ST,21170.0
21171,03/15/2021,4456.0,3541.0,THIRTY THIRD ST,21171.0
21172,03/16/2021,4567.0,3870.0,THIRTY THIRD ST,21172.0
21173,03/17/2021,4790.0,3823.0,THIRTY THIRD ST,21173.0
21174,03/18/2021,4180.0,3404.0,THIRTY THIRD ST,21174.0
21175,03/19/2021,4752.0,3983.0,THIRTY THIRD ST,21175.0
21176,03/06/2021,3862.0,3681.0,THIRTY THIRD ST,21176.0
21177,03/07/2021,2451.0,893.0,THIRTY THIRD ST,21177.0
21178,03/08/2021,4435.0,3664.0,THIRTY THIRD ST,21178.0
21179,03/09/2021,4800.0,4463.0,THIRTY THIRD ST,21179.0
21180,03/10/2021,4802.0,4321.0,THIRTY THIRD ST,21180.0
21181,03/11/2021,4816.0,4055.0,THIRTY THIRD ST,21181.0
21182,03/12/2021,4737.0,4020.0,THIRTY THIRD ST,21182.0
21183,02/27/2021,3441.0,2208.0,THIRTY THIRD ST,21183.0
21184,02/28/2021,2357.0,2696.0,THIRTY THIRD ST,21184.0
21185,03/01/2021,4379.0,3870.0,THIRTY THIRD ST,21185.0
21186,03/02/2021,4487.0,3755.0,THIRTY THIRD ST,21186.0
21187,03/03/2021,4775.0,4137.0,THIRTY THIRD ST,21187.0
21188,03/04/2021,4480.0,3868.0,THIRTY THIRD ST,21188.0
21189,03/05/2021,4210.0,3601.0,THIRTY THIRD ST,21189.0
21190,02/20/2021,3401.0,3513.0,THIRTY THIRD ST,21190.0
21191,02/21/2021,2465.0,2802.0,THIRTY THIRD ST,21191.0
21192,02/22/2021,3492.0,3293.0,THIRTY THIRD ST,21192.0
21193,02/23/2021,4434.0,3620.0,THIRTY THIRD ST,21193.0
21194,02/24/2021,4607.0,3598.0,THIRTY THIRD ST,21194.0
21195,02/25/2021,4607.0,3425.0,THIRTY THIRD ST,21195.0
21196,02/26/2021,4562.0,3667.0,THIRTY THIRD ST,21196.0
21197,02/13/2021,3267.0,3798.0,THIRTY THIRD ST,21197.0
21198,02/14/2021,2379.0,3143.0,THIRTY THIRD ST,21198.0
21199,02/15/2021,3064.0,1455.0,THIRTY THIRD ST,21199.0
21200,02/16/2021,4354.0,3728.0,THIRTY THIRD ST,21200.0
21201,02/17/2021,4409.0,3889.0,THIRTY THIRD ST,21201.0
21202,02/18/2021,3106.0,2586.0,THIRTY THIRD ST,21202.0
21203,02/19/2021,3586.0,2567.0,THIRTY THIRD ST,21203.0
21204,02/06/2021,3460.0,2954.0,THIRTY THIRD ST,21204.0
21205,02/07/2021,1466.0,683.0,THIRTY THIRD ST,21205.0
21206,02/08/2021,4039.0,2765.0,THIRTY THIRD ST,21206.0
21207,02/09/2021,4274.0,3452.0,THIRTY THIRD ST,21207.0
21208,02/10/2021,4365.0,3734.0,THIRTY THIRD ST,21208.0
21209,02/11/2021,4436.0,4150.0,THIRTY THIRD ST,21209.0
21210,02/12/2021,4368.0,4240.0,THIRTY THIRD ST,21210.0
21211,01/30/2021,2984.0,1847.0,THIRTY THIRD ST,21211.0
21212,01/31/2021,2089.0,1873.0,THIRTY THIRD ST,21212.0
21213,02/01/2021,1020.0,614.0,THIRTY THIRD ST,21213.0
21214,02/02/2021,1354.0,1543.0,THIRTY THIRD ST,21214.0
21215,02/03/2021,4107.0,2680.0,THIRTY THIRD ST,21215.0
21216,02/04/2021,3636.0,2610.0,THIRTY THIRD ST,21216.0
21217,02/05/2021,4413.0,3223.0,THIRTY THIRD ST,21217.0
21218,01/23/2021,3304.0,2553.0,THIRTY THIRD ST,21218.0
21219,01/24/2021,2076.0,2062.0,THIRTY THIRD ST,21219.0
21220,01/25/2021,4271.0,3344.0,THIRTY THIRD ST,21220.0
21221,01/26/2021,4099.0,3217.0,THIRTY THIRD ST,21221.0
21222,01/27/2021,4136.0,3167.0,THIRTY THIRD ST,21222.0
21223,01/28/2021,4441.0,3039.0,THIRTY THIRD ST,21223.0
21224,01/29/2021,3961.0,3518.0,THIRTY THIRD ST,21224.0
21225,01/16/2021,2917.0,1398.0,THIRTY THIRD ST,21225.0
21226,01/17/2021,2558.0,2382.0,THIRTY THIRD ST,21226.0
21227,01/18/2021,3381.0,4543.0,THIRTY THIRD ST,21227.0
21228,01/19/2021,4488.0,3650.0,THIRTY THIRD ST,21228.0
21229,01/20/2021,3980.0,3179.0,THIRTY THIRD ST,21229.0
21230,01/21/2021,4300.0,3736.0,THIRTY THIRD ST,21230.0
21231,01/22/2021,4405.0,3335.0,THIRTY THIRD ST,21231.0
21232,01/09/2021,3416.0,3320.0,THIRTY THIRD ST,21232.0
21233,01/10/2021,2296.0,1464.0,THIRTY THIRD ST,21233.0
21234,01/11/2021,4375.0,3460.0,THIRTY THIRD ST,21234.0
21235,01/12/2021,4458.0,3629.0,THIRTY THIRD ST,21235.0
21236,01/13/2021,4450.0,3374.0,THIRTY THIRD ST,21236.0
21237,01/14/2021,4443.0,3402.0,THIRTY THIRD ST,21237.0
21238,01/15/2021,4433.0,3525.0,THIRTY THIRD ST,21238.0
21239,03/27/2021,4148.0,563.0,NEWARK BM BW,21239.0
21240,03/28/2021,2358.0,441.0,NEWARK BM BW,21240.0
21241,03/29/2021,4632.0,476.0,NEWARK BM BW,21241.0
21242,03/30/2021,5385.0,476.0,NEWARK BM BW,21242.0
21243,03/31/2021,5389.0,547.0,NEWARK BM BW,21243.0
21244,04/01/2021,5427.0,1570.0,NEWARK BM BW,21244.0
21245,04/02/2021,5066.0,1364.0,NEWARK BM BW,21245.0
21246,03/20/2021,4099.0,537.0,NEWARK BM BW,21246.0
21247,03/21/2021,3154.0,460.0,NEWARK BM BW,21247.0
21248,03/22/2021,5315.0,953.0,NEWARK BM BW,21248.0
21249,03/23/2021,5403.0,942.0,NEWARK BM BW,21249.0
21250,03/24/2021,4243.0,425.0,NEWARK BM BW,21250.0
21251,03/25/2021,4779.0,477.0,NEWARK BM BW,21251.0
21252,03/26/2021,5484.0,534.0,NEWARK BM BW,21252.0
21253,03/13/2021,3306.0,602.0,NEWARK BM BW,21253.0
21254,03/14/2021,2423.0,475.0,NEWARK BM BW,21254.0
21255,03/15/2021,4913.0,464.0,NEWARK BM BW,21255.0
21256,03/16/2021,3981.0,466.0,NEWARK BM BW,21256.0
21257,03/17/2021,5070.0,843.0,NEWARK BM BW,21257.0
21258,03/18/2021,4740.0,913.0,NEWARK BM BW,21258.0
21259,03/19/2021,5211.0,452.0,NEWARK BM BW,21259.0
21260,03/06/2021,3485.0,1094.0,NEWARK BM BW,21260.0
21261,03/07/2021,2585.0,1132.0,NEWARK BM BW,21261.0
21262,03/08/2021,5472.0,1657.0,NEWARK BM BW,21262.0
21263,03/09/2021,5515.0,857.0,NEWARK BM BW,21263.0
21264,03/10/2021,5412.0,764.0,NEWARK BM BW,21264.0
21265,03/11/2021,5466.0,738.0,NEWARK BM BW,21265.0
21266,03/12/2021,5507.0,802.0,NEWARK BM BW,21266.0
21267,02/27/2021,4276.0,1130.0,NEWARK BM BW,21267.0
21268,02/28/2021,3442.0,1042.0,NEWARK BM BW,21268.0
21269,03/01/2021,5504.0,1352.0,NEWARK BM BW,21269.0
21270,03/02/2021,5418.0,1356.0,NEWARK BM BW,21270.0
21271,03/03/2021,5305.0,1409.0,NEWARK BM BW,21271.0
21272,03/04/2021,4894.0,1555.0,NEWARK BM BW,21272.0
21273,03/05/2021,4847.0,1565.0,NEWARK BM BW,21273.0
21274,02/20/2021,4010.0,817.0,NEWARK BM BW,21274.0
21275,02/21/2021,3331.0,666.0,NEWARK BM BW,21275.0
21276,02/22/2021,5112.0,501.0,NEWARK BM BW,21276.0
21277,02/23/2021,5752.0,663.0,NEWARK BM BW,21277.0
21278,02/24/2021,5821.0,566.0,NEWARK BM BW,21278.0
21279,02/25/2021,5713.0,568.0,NEWARK BM BW,21279.0
21280,02/26/2021,5685.0,520.0,NEWARK BM BW,21280.0
21281,02/13/2021,3670.0,1384.0,NEWARK BM BW,21281.0
21282,02/14/2021,2890.0,1445.0,NEWARK BM BW,21282.0
21283,02/15/2021,4503.0,625.0,NEWARK BM BW,21283.0
21284,02/16/2021,5608.0,617.0,NEWARK BM BW,21284.0
21285,02/17/2021,5489.0,559.0,NEWARK BM BW,21285.0
21286,02/18/2021,3935.0,535.0,NEWARK BM BW,21286.0
21287,02/19/2021,4219.0,953.0,NEWARK BM BW,21287.0
21288,02/06/2021,3032.0,324.0,NEWARK BM BW,21288.0
21289,02/07/2021,1393.0,276.0,NEWARK BM BW,21289.0
21290,02/08/2021,4727.0,271.0,NEWARK BM BW,21290.0
21291,02/09/2021,4977.0,740.0,NEWARK BM BW,21291.0
21292,02/10/2021,5904.0,1130.0,NEWARK BM BW,21292.0
21293,02/11/2021,5568.0,1190.0,NEWARK BM BW,21293.0
21294,02/12/2021,5422.0,1291.0,NEWARK BM BW,21294.0
21295,01/30/2021,2502.0,301.0,NEWARK BM BW,21295.0
21296,01/31/2021,1982.0,378.0,NEWARK BM BW,21296.0
21297,02/01/2021,749.0,278.0,NEWARK BM BW,21297.0
21298,02/02/2021,476.0,427.0,NEWARK BM BW,21298.0
21299,02/03/2021,5027.0,271.0,NEWARK BM BW,21299.0
21300,02/04/2021,4786.0,455.0,NEWARK BM BW,21300.0
21301,02/05/2021,4755.0,277.0,NEWARK BM BW,21301.0
21302,01/23/2021,2825.0,316.0,NEWARK BM BW,21302.0
21303,01/24/2021,1876.0,242.0,NEWARK BM BW,21303.0
21304,01/25/2021,4715.0,284.0,NEWARK BM BW,21304.0
21305,01/26/2021,4385.0,334.0,NEWARK BM BW,21305.0
21306,01/27/2021,4971.0,345.0,NEWARK BM BW,21306.0
21307,01/28/2021,4721.0,260.0,NEWARK BM BW,21307.0
21308,01/29/2021,4643.0,373.0,NEWARK BM BW,21308.0
21309,01/16/2021,2848.0,291.0,NEWARK BM BW,21309.0
21310,01/17/2021,2205.0,296.0,NEWARK BM BW,21310.0
21311,01/18/2021,4101.0,274.0,NEWARK BM BW,21311.0
21312,01/19/2021,5125.0,331.0,NEWARK BM BW,21312.0
21313,01/20/2021,4750.0,238.0,NEWARK BM BW,21313.0
21314,01/21/2021,4824.0,272.0,NEWARK BM BW,21314.0
21315,01/22/2021,5039.0,271.0,NEWARK BM BW,21315.0
21316,01/09/2021,2659.0,644.0,NEWARK BM BW,21316.0
21317,01/10/2021,2046.0,628.0,NEWARK BM BW,21317.0
21318,01/11/2021,4363.0,639.0,NEWARK BM BW,21318.0
21319,01/12/2021,4755.0,608.0,NEWARK BM BW,21319.0
21320,01/13/2021,4961.0,612.0,NEWARK BM BW,21320.0
21321,01/14/2021,5287.0,642.0,NEWARK BM BW,21321.0
21322,01/15/2021,4852.0,289.0,NEWARK BM BW,21322.0
21323,03/27/2021,557.0,654.0,NEWARK C,21323.0
21324,03/28/2021,350.0,486.0,NEWARK C,21324.0
21325,03/29/2021,991.0,568.0,NEWARK C,21325.0
21326,03/30/2021,1260.0,495.0,NEWARK C,21326.0
21327,03/31/2021,1221.0,621.0,NEWARK C,21327.0
21328,04/01/2021,1154.0,867.0,NEWARK C,21328.0
21329,04/02/2021,976.0,691.0,NEWARK C,21329.0
21330,03/20/2021,1347.0,427.0,NEWARK C,21330.0
21331,03/21/2021,1191.0,412.0,NEWARK C,21331.0
21332,03/22/2021,1950.0,898.0,NEWARK C,21332.0
21333,03/23/2021,2137.0,785.0,NEWARK C,21333.0
21334,03/24/2021,1942.0,339.0,NEWARK C,21334.0
21335,03/25/2021,2263.0,429.0,NEWARK C,21335.0
21336,03/26/2021,1231.0,613.0,NEWARK C,21336.0
21337,03/13/2021,1216.0,500.0,NEWARK C,21337.0
21338,03/14/2021,1129.0,350.0,NEWARK C,21338.0
21339,03/15/2021,1936.0,484.0,NEWARK C,21339.0
21340,03/16/2021,1767.0,398.0,NEWARK C,21340.0
21341,03/17/2021,2022.0,793.0,NEWARK C,21341.0
21342,03/18/2021,2007.0,820.0,NEWARK C,21342.0
21343,03/19/2021,1862.0,449.0,NEWARK C,21343.0
21344,03/06/2021,1241.0,392.0,NEWARK C,21344.0
21345,03/07/2021,1078.0,308.0,NEWARK C,21345.0
21346,03/08/2021,1842.0,680.0,NEWARK C,21346.0
21347,03/09/2021,1861.0,845.0,NEWARK C,21347.0
21348,03/10/2021,1987.0,832.0,NEWARK C,21348.0
21349,03/11/2021,1985.0,717.0,NEWARK C,21349.0
21350,03/12/2021,1916.0,843.0,NEWARK C,21350.0
21351,02/27/2021,964.0,271.0,NEWARK C,21351.0
21352,02/28/2021,868.0,247.0,NEWARK C,21352.0
21353,03/01/2021,1636.0,541.0,NEWARK C,21353.0
21354,03/02/2021,1673.0,678.0,NEWARK C,21354.0
21355,03/03/2021,2002.0,765.0,NEWARK C,21355.0
21356,03/04/2021,2003.0,733.0,NEWARK C,21356.0
21357,03/05/2021,1822.0,788.0,NEWARK C,21357.0
21358,02/20/2021,997.0,164.0,NEWARK C,21358.0
21359,02/21/2021,973.0,241.0,NEWARK C,21359.0
21360,02/22/2021,1551.0,219.0,NEWARK C,21360.0
21361,02/23/2021,1642.0,444.0,NEWARK C,21361.0
21362,02/24/2021,1790.0,369.0,NEWARK C,21362.0
21363,02/25/2021,1659.0,361.0,NEWARK C,21363.0
21364,02/26/2021,1917.0,283.0,NEWARK C,21364.0
21365,02/13/2021,948.0,269.0,NEWARK C,21365.0
21366,02/14/2021,766.0,293.0,NEWARK C,21366.0
21367,02/15/2021,1130.0,196.0,NEWARK C,21367.0
21368,02/16/2021,1429.0,296.0,NEWARK C,21368.0
21369,02/17/2021,1443.0,317.0,NEWARK C,21369.0
21370,02/18/2021,1168.0,270.0,NEWARK C,21370.0
21371,02/19/2021,1239.0,338.0,NEWARK C,21371.0
21372,02/06/2021,862.0,154.0,NEWARK C,21372.0
21373,02/07/2021,621.0,139.0,NEWARK C,21373.0
21374,02/08/2021,1437.0,182.0,NEWARK C,21374.0
21375,02/09/2021,1350.0,276.0,NEWARK C,21375.0
21376,02/10/2021,1431.0,292.0,NEWARK C,21376.0
21377,02/11/2021,1455.0,260.0,NEWARK C,21377.0
21378,02/12/2021,1512.0,217.0,NEWARK C,21378.0
21379,01/30/2021,747.0,205.0,NEWARK C,21379.0
21380,01/31/2021,683.0,146.0,NEWARK C,21380.0
21381,02/01/2021,507.0,189.0,NEWARK C,21381.0
21382,02/02/2021,452.0,353.0,NEWARK C,21382.0
21383,02/03/2021,1316.0,135.0,NEWARK C,21383.0
21384,02/04/2021,1396.0,229.0,NEWARK C,21384.0
21385,02/05/2021,1295.0,187.0,NEWARK C,21385.0
21386,01/23/2021,449.0,140.0,NEWARK C,21386.0
21387,01/24/2021,329.0,118.0,NEWARK C,21387.0
21388,01/25/2021,1231.0,197.0,NEWARK C,21388.0
21389,01/26/2021,1264.0,293.0,NEWARK C,21389.0
21390,01/27/2021,1345.0,318.0,NEWARK C,21390.0
21391,01/28/2021,1421.0,245.0,NEWARK C,21391.0
21392,01/29/2021,1366.0,253.0,NEWARK C,21392.0
21393,01/16/2021,406.0,192.0,NEWARK C,21393.0
21394,01/17/2021,277.0,189.0,NEWARK C,21394.0
21395,01/18/2021,660.0,219.0,NEWARK C,21395.0
21396,01/19/2021,926.0,293.0,NEWARK C,21396.0
21397,01/20/2021,990.0,160.0,NEWARK C,21397.0
21398,01/21/2021,1087.0,208.0,NEWARK C,21398.0
21399,01/22/2021,986.0,158.0,NEWARK C,21399.0
21400,01/09/2021,386.0,212.0,NEWARK C,21400.0
21401,01/10/2021,264.0,136.0,NEWARK C,21401.0
21402,01/11/2021,1326.0,212.0,NEWARK C,21402.0
21403,01/12/2021,1127.0,293.0,NEWARK C,21403.0
21404,01/13/2021,1042.0,307.0,NEWARK C,21404.0
21405,01/14/2021,1136.0,286.0,NEWARK C,21405.0
21406,01/15/2021,1090.0,181.0,NEWARK C,21406.0
21407,03/27/2021,0.0,4181.0,NEWARK HM HE,21407.0
21408,03/28/2021,0.0,2392.0,NEWARK HM HE,21408.0
21409,03/29/2021,697.0,4084.0,NEWARK HM HE,21409.0
21410,03/30/2021,0.0,5485.0,NEWARK HM HE,21410.0
21411,03/31/2021,2.0,6128.0,NEWARK HM HE,21411.0
21412,04/01/2021,0.0,5601.0,NEWARK HM HE,21412.0
21413,04/02/2021,11.0,4597.0,NEWARK HM HE,21413.0
21414,03/20/2021,134.0,3913.0,NEWARK HM HE,21414.0
21415,03/21/2021,134.0,3522.0,NEWARK HM HE,21415.0
21416,03/22/2021,208.0,5744.0,NEWARK HM HE,21416.0
21417,03/23/2021,142.0,5169.0,NEWARK HM HE,21417.0
21418,03/24/2021,1352.0,6649.0,NEWARK HM HE,21418.0
21419,03/25/2021,137.0,6219.0,NEWARK HM HE,21419.0
21420,03/26/2021,137.0,5879.0,NEWARK HM HE,21420.0
21421,03/13/2021,20.0,4743.0,NEWARK HM HE,21421.0
21422,03/14/2021,20.0,3750.0,NEWARK HM HE,21422.0
21423,03/15/2021,20.0,6365.0,NEWARK HM HE,21423.0
21424,03/16/2021,1153.0,6626.0,NEWARK HM HE,21424.0
21425,03/17/2021,124.0,4393.0,NEWARK HM HE,21425.0
21426,03/18/2021,200.0,4964.0,NEWARK HM HE,21426.0
21427,03/19/2021,134.0,6035.0,NEWARK HM HE,21427.0
21428,03/06/2021,0.0,3622.0,NEWARK HM HE,21428.0
21429,03/07/2021,0.0,2777.0,NEWARK HM HE,21429.0
21430,03/08/2021,0.0,5021.0,NEWARK HM HE,21430.0
21431,03/09/2021,0.0,5671.0,NEWARK HM HE,21431.0
21432,03/10/2021,0.0,4755.0,NEWARK HM HE,21432.0
21433,03/11/2021,2.0,4668.0,NEWARK HM HE,21433.0
21434,03/12/2021,0.0,5578.0,NEWARK HM HE,21434.0
21435,02/27/2021,0.0,3227.0,NEWARK HM HE,21435.0
21436,02/28/2021,0.0,2582.0,NEWARK HM HE,21436.0
21437,03/01/2021,0.0,5512.0,NEWARK HM HE,21437.0
21438,03/02/2021,0.0,5368.0,NEWARK HM HE,21438.0
21439,03/03/2021,0.0,4715.0,NEWARK HM HE,21439.0
21440,03/04/2021,0.0,4275.0,NEWARK HM HE,21440.0
21441,03/05/2021,0.0,5314.0,NEWARK HM HE,21441.0
21442,02/20/2021,0.0,3247.0,NEWARK HM HE,21442.0
21443,02/21/2021,0.0,2610.0,NEWARK HM HE,21443.0
21444,02/22/2021,0.0,5333.0,NEWARK HM HE,21444.0
21445,02/23/2021,0.0,6082.0,NEWARK HM HE,21445.0
21446,02/24/2021,0.0,5381.0,NEWARK HM HE,21446.0
21447,02/25/2021,0.0,5928.0,NEWARK HM HE,21447.0
21448,02/26/2021,0.0,6177.0,NEWARK HM HE,21448.0
21449,02/13/2021,0.0,3312.0,NEWARK HM HE,21449.0
21450,02/14/2021,6.0,2555.0,NEWARK HM HE,21450.0
21451,02/15/2021,0.0,3822.0,NEWARK HM HE,21451.0
21452,02/16/2021,0.0,4463.0,NEWARK HM HE,21452.0
21453,02/17/2021,0.0,5885.0,NEWARK HM HE,21453.0
21454,02/18/2021,0.0,3899.0,NEWARK HM HE,21454.0
21455,02/19/2021,0.0,4539.0,NEWARK HM HE,21455.0
21456,02/06/2021,0.0,3796.0,NEWARK HM HE,21456.0
21457,02/07/2021,0.0,1790.0,NEWARK HM HE,21457.0
21458,02/08/2021,0.0,5260.0,NEWARK HM HE,21458.0
21459,02/09/2021,0.0,5030.0,NEWARK HM HE,21459.0
21460,02/10/2021,0.0,3874.0,NEWARK HM HE,21460.0
21461,02/11/2021,0.0,4285.0,NEWARK HM HE,21461.0
21462,02/12/2021,0.0,5519.0,NEWARK HM HE,21462.0
21463,01/30/2021,0.0,3084.0,NEWARK HM HE,21463.0
21464,01/31/2021,16.0,2497.0,NEWARK HM HE,21464.0
21465,02/01/2021,0.0,807.0,NEWARK HM HE,21465.0
21466,02/02/2021,0.0,78.0,NEWARK HM HE,21466.0
21467,02/03/2021,0.0,5655.0,NEWARK HM HE,21467.0
21468,02/04/2021,0.0,5077.0,NEWARK HM HE,21468.0
21469,02/05/2021,0.0,6195.0,NEWARK HM HE,21469.0
21470,01/23/2021,0.0,3335.0,NEWARK HM HE,21470.0
21471,01/24/2021,0.0,2579.0,NEWARK HM HE,21471.0
21472,01/25/2021,0.0,4726.0,NEWARK HM HE,21472.0
21473,01/26/2021,0.0,5044.0,NEWARK HM HE,21473.0
21474,01/27/2021,0.0,5893.0,NEWARK HM HE,21474.0
21475,01/28/2021,0.0,6057.0,NEWARK HM HE,21475.0
21476,01/29/2021,3.0,5324.0,NEWARK HM HE,21476.0
21477,01/16/2021,7.0,3393.0,NEWARK HM HE,21477.0
21478,01/17/2021,0.0,2774.0,NEWARK HM HE,21478.0
21479,01/18/2021,1.0,4335.0,NEWARK HM HE,21479.0
21480,01/19/2021,0.0,5734.0,NEWARK HM HE,21480.0
21481,01/20/2021,88.0,5672.0,NEWARK HM HE,21481.0
21482,01/21/2021,86.0,6018.0,NEWARK HM HE,21482.0
21483,01/22/2021,35.0,6047.0,NEWARK HM HE,21483.0
21484,01/09/2021,0.0,3306.0,NEWARK HM HE,21484.0
21485,01/10/2021,4.0,2715.0,NEWARK HM HE,21485.0
21486,01/11/2021,20.0,5675.0,NEWARK HM HE,21486.0
21487,01/12/2021,7.0,5855.0,NEWARK HM HE,21487.0
21488,01/13/2021,1.0,6060.0,NEWARK HM HE,21488.0
21489,01/14/2021,2.0,5087.0,NEWARK HM HE,21489.0
21490,01/15/2021,2.0,4975.0,NEWARK HM HE,21490.0
21491,03/27/2021,1142.0,2259.0,PATH WTC 2,21491.0
21492,03/28/2021,629.0,1088.0,PATH WTC 2,21492.0
21493,03/29/2021,1109.0,3031.0,PATH WTC 2,21493.0
21494,03/30/2021,1241.0,3496.0,PATH WTC 2,21494.0
21495,03/31/2021,1240.0,3367.0,PATH WTC 2,21495.0
21496,04/01/2021,1188.0,3125.0,PATH WTC 2,21496.0
21497,04/02/2021,1127.0,3273.0,PATH WTC 2,21497.0
21498,03/20/2021,964.0,1931.0,PATH WTC 2,21498.0
21499,03/21/2021,687.0,1448.0,PATH WTC 2,21499.0
21500,03/22/2021,1089.0,3099.0,PATH WTC 2,21500.0
21501,03/23/2021,1228.0,2354.0,PATH WTC 2,21501.0
21502,03/24/2021,1240.0,3278.0,PATH WTC 2,21502.0
21503,03/25/2021,1164.0,3354.0,PATH WTC 2,21503.0
21504,03/26/2021,1421.0,3784.0,PATH WTC 2,21504.0
21505,03/13/2021,802.0,1940.0,PATH WTC 2,21505.0
21506,03/14/2021,593.0,1187.0,PATH WTC 2,21506.0
21507,03/15/2021,1098.0,3247.0,PATH WTC 2,21507.0
21508,03/16/2021,1146.0,2176.0,PATH WTC 2,21508.0
21509,03/17/2021,1269.0,3622.0,PATH WTC 2,21509.0
21510,03/18/2021,1037.0,2897.0,PATH WTC 2,21510.0
21511,03/19/2021,1257.0,3426.0,PATH WTC 2,21511.0
21512,03/06/2021,1138.0,1302.0,PATH WTC 2,21512.0
21513,03/07/2021,1285.0,1015.0,PATH WTC 2,21513.0
21514,03/08/2021,1471.0,2906.0,PATH WTC 2,21514.0
21515,03/09/2021,1342.0,3495.0,PATH WTC 2,21515.0
21516,03/10/2021,1222.0,2485.0,PATH WTC 2,21516.0
21517,03/11/2021,1315.0,3411.0,PATH WTC 2,21517.0
21518,03/12/2021,1280.0,3550.0,PATH WTC 2,21518.0
21519,02/27/2021,679.0,1379.0,PATH WTC 2,21519.0
21520,02/28/2021,610.0,1070.0,PATH WTC 2,21520.0
21521,03/01/2021,947.0,2786.0,PATH WTC 2,21521.0
21522,03/02/2021,1102.0,3234.0,PATH WTC 2,21522.0
21523,03/03/2021,1043.0,3264.0,PATH WTC 2,21523.0
21524,03/04/2021,986.0,2958.0,PATH WTC 2,21524.0
21525,03/05/2021,1170.0,2768.0,PATH WTC 2,21525.0
21526,02/20/2021,736.0,2104.0,PATH WTC 2,21526.0
21527,02/21/2021,621.0,1825.0,PATH WTC 2,21527.0
21528,02/22/2021,975.0,2894.0,PATH WTC 2,21528.0
21529,02/23/2021,1157.0,3044.0,PATH WTC 2,21529.0
21530,02/24/2021,1125.0,2439.0,PATH WTC 2,21530.0
21531,02/25/2021,1157.0,3484.0,PATH WTC 2,21531.0
21532,02/26/2021,1083.0,2991.0,PATH WTC 2,21532.0
21533,02/13/2021,804.0,2476.0,PATH WTC 2,21533.0
21534,02/14/2021,667.0,1937.0,PATH WTC 2,21534.0
21535,02/15/2021,662.0,2663.0,PATH WTC 2,21535.0
21536,02/16/2021,938.0,3174.0,PATH WTC 2,21536.0
21537,02/17/2021,1075.0,2445.0,PATH WTC 2,21537.0
21538,02/18/2021,790.0,2244.0,PATH WTC 2,21538.0
21539,02/19/2021,740.0,1614.0,PATH WTC 2,21539.0
21540,02/06/2021,796.0,2004.0,PATH WTC 2,21540.0
21541,02/07/2021,444.0,1169.0,PATH WTC 2,21541.0
21542,02/08/2021,1022.0,3141.0,PATH WTC 2,21542.0
21543,02/09/2021,1050.0,3175.0,PATH WTC 2,21543.0
21544,02/10/2021,1114.0,2381.0,PATH WTC 2,21544.0
21545,02/11/2021,961.0,3184.0,PATH WTC 2,21545.0
21546,02/12/2021,1181.0,3303.0,PATH WTC 2,21546.0
21547,01/30/2021,688.0,2197.0,PATH WTC 2,21547.0
21548,01/31/2021,580.0,1636.0,PATH WTC 2,21548.0
21549,02/01/2021,203.0,573.0,PATH WTC 2,21549.0
21550,02/02/2021,307.0,410.0,PATH WTC 2,21550.0
21551,02/03/2021,1051.0,3183.0,PATH WTC 2,21551.0
21552,02/04/2021,1052.0,3123.0,PATH WTC 2,21552.0
21553,02/05/2021,996.0,3177.0,PATH WTC 2,21553.0
21554,01/23/2021,705.0,2196.0,PATH WTC 2,21554.0
21555,01/24/2021,614.0,1843.0,PATH WTC 2,21555.0
21556,01/25/2021,1074.0,3043.0,PATH WTC 2,21556.0
21557,01/26/2021,1034.0,3007.0,PATH WTC 2,21557.0
21558,01/27/2021,1110.0,3101.0,PATH WTC 2,21558.0
21559,01/28/2021,1035.0,3103.0,PATH WTC 2,21559.0
21560,01/29/2021,1120.0,2972.0,PATH WTC 2,21560.0
21561,01/16/2021,777.0,2426.0,PATH WTC 2,21561.0
21562,01/17/2021,442.0,1902.0,PATH WTC 2,21562.0
21563,01/18/2021,819.0,2880.0,PATH WTC 2,21563.0
21564,01/19/2021,1157.0,3097.0,PATH WTC 2,21564.0
21565,01/20/2021,1029.0,3103.0,PATH WTC 2,21565.0
21566,01/21/2021,1064.0,2970.0,PATH WTC 2,21566.0
21567,01/22/2021,1112.0,3293.0,PATH WTC 2,21567.0
21568,01/09/2021,724.0,1628.0,PATH WTC 2,21568.0
21569,01/10/2021,599.0,1277.0,PATH WTC 2,21569.0
21570,01/11/2021,1088.0,2910.0,PATH WTC 2,21570.0
21571,01/12/2021,1133.0,2968.0,PATH WTC 2,21571.0
21572,01/13/2021,1018.0,3283.0,PATH WTC 2,21572.0
21573,01/14/2021,1009.0,2999.0,PATH WTC 2,21573.0
21574,01/15/2021,1151.0,3031.0,PATH WTC 2,21574.0
21575,03/27/2021,8597.0,10595.0,PATH NEW WTC,21575.0
21576,03/28/2021,4298.0,5305.0,PATH NEW WTC,21576.0
21577,03/29/2021,12386.0,12911.0,PATH NEW WTC,21577.0
21578,03/30/2021,13380.0,13997.0,PATH NEW WTC,21578.0
21579,03/31/2021,12533.0,12822.0,PATH NEW WTC,21579.0
21580,04/01/2021,12651.0,13421.0,PATH NEW WTC,21580.0
21581,04/02/2021,11760.0,12122.0,PATH NEW WTC,21581.0
21582,03/20/2021,7523.0,9188.0,PATH NEW WTC,21582.0
21583,03/21/2021,5915.0,6877.0,PATH NEW WTC,21583.0
21584,03/22/2021,12796.0,13022.0,PATH NEW WTC,21584.0
21585,03/23/2021,13343.0,13577.0,PATH NEW WTC,21585.0
21586,03/24/2021,12509.0,12623.0,PATH NEW WTC,21586.0
21587,03/25/2021,13040.0,13248.0,PATH NEW WTC,21587.0
21588,03/26/2021,14682.0,14363.0,PATH NEW WTC,21588.0
21589,03/13/2021,7585.0,8750.0,PATH NEW WTC,21589.0
21590,03/14/2021,5475.0,6262.0,PATH NEW WTC,21590.0
21591,03/15/2021,13078.0,11982.0,PATH NEW WTC,21591.0
21592,03/16/2021,12888.0,11894.0,PATH NEW WTC,21592.0
21593,03/17/2021,12514.0,12584.0,PATH NEW WTC,21593.0
21594,03/18/2021,11713.0,11452.0,PATH NEW WTC,21594.0
21595,03/19/2021,12374.0,13077.0,PATH NEW WTC,21595.0
21596,03/06/2021,6522.0,7499.0,PATH NEW WTC,21596.0
21597,03/07/2021,4757.0,5400.0,PATH NEW WTC,21597.0
21598,03/08/2021,11945.0,12608.0,PATH NEW WTC,21598.0
21599,03/09/2021,13025.0,12655.0,PATH NEW WTC,21599.0
21600,03/10/2021,13185.0,13064.0,PATH NEW WTC,21600.0
21601,03/11/2021,13284.0,13774.0,PATH NEW WTC,21601.0
21602,03/12/2021,12715.0,13055.0,PATH NEW WTC,21602.0
21603,02/27/2021,5972.0,6596.0,PATH NEW WTC,21603.0
21604,02/28/2021,4287.0,4823.0,PATH NEW WTC,21604.0
21605,03/01/2021,11738.0,11593.0,PATH NEW WTC,21605.0
21606,03/02/2021,12343.0,11700.0,PATH NEW WTC,21606.0
21607,03/03/2021,13298.0,12716.0,PATH NEW WTC,21607.0
21608,03/04/2021,12862.0,12028.0,PATH NEW WTC,21608.0
21609,03/05/2021,12254.0,11915.0,PATH NEW WTC,21609.0
21610,02/20/2021,5820.0,5349.0,PATH NEW WTC,21610.0
21611,02/21/2021,4146.0,3914.0,PATH NEW WTC,21611.0
21612,02/22/2021,10860.0,10765.0,PATH NEW WTC,21612.0
21613,02/23/2021,12025.0,11919.0,PATH NEW WTC,21613.0
21614,02/24/2021,12651.0,12356.0,PATH NEW WTC,21614.0
21615,02/25/2021,12426.0,11967.0,PATH NEW WTC,21615.0
21616,02/26/2021,12273.0,12444.0,PATH NEW WTC,21616.0
21617,02/13/2021,6251.0,5822.0,PATH NEW WTC,21617.0
21618,02/14/2021,4519.0,4506.0,PATH NEW WTC,21618.0
21619,02/15/2021,7254.0,6688.0,PATH NEW WTC,21619.0
21620,02/16/2021,11276.0,10952.0,PATH NEW WTC,21620.0
21621,02/17/2021,12197.0,11818.0,PATH NEW WTC,21621.0
21622,02/18/2021,8135.0,7915.0,PATH NEW WTC,21622.0
21623,02/19/2021,9451.0,9263.0,PATH NEW WTC,21623.0
21624,02/06/2021,6904.0,6832.0,PATH NEW WTC,21624.0
21625,02/07/2021,3058.0,3009.0,PATH NEW WTC,21625.0
21626,02/08/2021,10861.0,10607.0,PATH NEW WTC,21626.0
21627,02/09/2021,11113.0,10835.0,PATH NEW WTC,21627.0
21628,02/10/2021,12082.0,11660.0,PATH NEW WTC,21628.0
21629,02/11/2021,11589.0,11358.0,PATH NEW WTC,21629.0
21630,02/12/2021,11316.0,11152.0,PATH NEW WTC,21630.0
21631,01/30/2021,5427.0,5348.0,PATH NEW WTC,21631.0
21632,01/31/2021,4052.0,4119.0,PATH NEW WTC,21632.0
21633,02/01/2021,2108.0,2230.0,PATH NEW WTC,21633.0
21634,02/02/2021,2666.0,2192.0,PATH NEW WTC,21634.0
21635,02/03/2021,11076.0,10354.0,PATH NEW WTC,21635.0
21636,02/04/2021,12141.0,11536.0,PATH NEW WTC,21636.0
21637,02/05/2021,11519.0,11619.0,PATH NEW WTC,21637.0
21638,01/23/2021,6195.0,5242.0,PATH NEW WTC,21638.0
21639,01/24/2021,4322.0,3902.0,PATH NEW WTC,21639.0
21640,01/25/2021,11208.0,10568.0,PATH NEW WTC,21640.0
21641,01/26/2021,10416.0,10726.0,PATH NEW WTC,21641.0
21642,01/27/2021,11410.0,12120.0,PATH NEW WTC,21642.0
21643,01/28/2021,11146.0,11816.0,PATH NEW WTC,21643.0
21644,01/29/2021,9839.0,11473.0,PATH NEW WTC,21644.0
21645,01/16/2021,6015.0,6177.0,PATH NEW WTC,21645.0
21646,01/17/2021,5184.0,5106.0,PATH NEW WTC,21646.0
21647,01/18/2021,8215.0,8438.0,PATH NEW WTC,21647.0
21648,01/19/2021,10964.0,11410.0,PATH NEW WTC,21648.0
21649,01/20/2021,10177.0,10544.0,PATH NEW WTC,21649.0
21650,01/21/2021,11016.0,11152.0,PATH NEW WTC,21650.0
21651,01/22/2021,10950.0,11136.0,PATH NEW WTC,21651.0
21652,01/09/2021,5731.0,6514.0,PATH NEW WTC,21652.0
21653,01/10/2021,4216.0,4735.0,PATH NEW WTC,21653.0
21654,01/11/2021,10741.0,11106.0,PATH NEW WTC,21654.0
21655,01/12/2021,11369.0,11538.0,PATH NEW WTC,21655.0
21656,01/13/2021,10857.0,10438.0,PATH NEW WTC,21656.0
21657,01/14/2021,10877.0,9764.0,PATH NEW WTC,21657.0
21658,01/15/2021,10536.0,10722.0,PATH NEW WTC,21658.0
