,DATE,STATION,ENTRIES,EXITS
0,03/13/2021,NEWARK HW BMEBE,423,800
1,03/13/2021,HARRISON,1326,1010
2,03/13/2021,JOURNAL SQUARE,6392,5041
3,03/13/2021,GROVE STREET,3935,4543
4,03/13/2021,EXCHANGE PLACE,2189,2489
5,03/13/2021,PAVONIA/NEWPORT,2732,2875
6,03/13/2021,CITY / BUS,3009,3347
7,03/13/2021,CHRISTOPHER ST,1020,1419
8,03/13/2021,9TH STREET,1237,1831
9,03/13/2021,14TH STREET,1910,2480
10,03/13/2021,TWENTY THIRD ST,1216,1673
11,03/13/2021,THIRTY ST,1376,475
12,03/13/2021,LACKAWANNA,770,954
13,03/13/2021,THIRTY THIRD ST,3962,4279
14,03/13/2021,NEWARK BM BW,3492,429
15,03/13/2021,NEWARK C,436,327
16,03/13/2021,NEWARK HM HE,0,3821
17,03/13/2021,PATH WTC 2,802,1940
18,03/13/2021,PATH NEW WTC,7312,8446
19,03/14/2021,NEWARK HW BMEBE,271,585
20,03/14/2021,HARRISON,894,783
21,03/14/2021,JOURNAL SQUARE,4446,4350
22,03/14/2021,GROVE STREET,2478,3149
23,03/14/2021,EXCHANGE PLACE,1369,1751
24,03/14/2021,PAVONIA/NEWPORT,1750,2122
25,03/14/2021,CITY / BUS,1889,2226
26,03/14/2021,CHRISTOPHER ST,811,896
27,03/14/2021,9TH STREET,853,1124
28,03/14/2021,14TH STREET,1159,1571
29,03/14/2021,TWENTY THIRD ST,678,961
30,03/14/2021,THIRTY ST,962,298
31,03/14/2021,LACKAWANNA,507,630
32,03/14/2021,THIRTY THIRD ST,2739,2930
33,03/14/2021,NEWARK BM BW,2589,300
34,03/14/2021,NEWARK C,349,169
35,03/14/2021,NEWARK HM HE,0,2933
36,03/14/2021,PATH WTC 2,593,1187
37,03/14/2021,PATH NEW WTC,4786,5757
38,03/15/2021,NEWARK HW BMEBE,874,1487
39,03/15/2021,HARRISON,2173,2497
40,03/15/2021,JOURNAL SQUARE,8657,6584
41,03/15/2021,GROVE STREET,4050,4583
42,03/15/2021,EXCHANGE PLACE,2749,3356
43,03/15/2021,PAVONIA/NEWPORT,2456,2817
44,03/15/2021,CITY / BUS,3022,3169
45,03/15/2021,CHRISTOPHER ST,947,964
46,03/15/2021,9TH STREET,893,1212
47,03/15/2021,14TH STREET,1943,2472
48,03/15/2021,TWENTY THIRD ST,1652,2190
49,03/15/2021,THIRTY ST,2688,2934
50,03/15/2021,LACKAWANNA,1334,1565
51,03/15/2021,THIRTY THIRD ST,4456,3541
52,03/15/2021,NEWARK BM BW,5233,294
53,03/15/2021,NEWARK C,1253,314
54,03/15/2021,NEWARK HM HE,0,5740
55,03/15/2021,PATH WTC 2,1098,3247
56,03/15/2021,PATH NEW WTC,11893,11743
57,03/16/2021,NEWARK HW BMEBE,1004,1695
58,03/16/2021,HARRISON,2212,2448
59,03/16/2021,JOURNAL SQUARE,8861,6727
60,03/16/2021,GROVE STREET,4261,4756
61,03/16/2021,EXCHANGE PLACE,2894,3418
62,03/16/2021,PAVONIA/NEWPORT,2574,3001
63,03/16/2021,CITY / BUS,3226,3515
64,03/16/2021,CHRISTOPHER ST,909,1009
65,03/16/2021,9TH STREET,907,1258
66,03/16/2021,14TH STREET,2143,2717
67,03/16/2021,TWENTY THIRD ST,1784,2289
68,03/16/2021,THIRTY ST,2694,2877
69,03/16/2021,LACKAWANNA,1515,1735
70,03/16/2021,THIRTY THIRD ST,4567,3870
71,03/16/2021,NEWARK BM BW,4285,299
72,03/16/2021,NEWARK C,1023,219
73,03/16/2021,NEWARK HM HE,1287,6236
74,03/16/2021,PATH WTC 2,1221,3207
75,03/16/2021,PATH NEW WTC,12485,11769
76,03/17/2021,NEWARK HW BMEBE,990,1650
77,03/17/2021,HARRISON,2330,2677
78,03/17/2021,JOURNAL SQUARE,9212,7285
79,03/17/2021,GROVE STREET,4473,5146
80,03/17/2021,EXCHANGE PLACE,3034,3634
81,03/17/2021,PAVONIA/NEWPORT,2871,3339
82,03/17/2021,CITY / BUS,3249,3582
83,03/17/2021,CHRISTOPHER ST,1038,1240
84,03/17/2021,9TH STREET,1053,1422
85,03/17/2021,14TH STREET,2131,2902
86,03/17/2021,TWENTY THIRD ST,1902,2418
87,03/17/2021,THIRTY ST,2757,3069
88,03/17/2021,LACKAWANNA,1595,1870
89,03/17/2021,THIRTY THIRD ST,4790,3823
90,03/17/2021,NEWARK BM BW,5511,699
91,03/17/2021,NEWARK C,1241,605
92,03/17/2021,NEWARK HM HE,0,5228
93,03/17/2021,PATH WTC 2,1269,3622
94,03/17/2021,PATH NEW WTC,12553,12795
95,03/18/2021,NEWARK HW BMEBE,818,1493
96,03/18/2021,HARRISON,2080,2375
97,03/18/2021,JOURNAL SQUARE,8423,6472
98,03/18/2021,GROVE STREET,4140,4642
99,03/18/2021,EXCHANGE PLACE,2858,3375
100,03/18/2021,PAVONIA/NEWPORT,2504,2951
101,03/18/2021,CITY / BUS,2961,3123
102,03/18/2021,CHRISTOPHER ST,899,1097
103,03/18/2021,9TH STREET,883,1186
104,03/18/2021,14TH STREET,2015,2658
105,03/18/2021,TWENTY THIRD ST,1587,2209
106,03/18/2021,THIRTY ST,2669,2768
107,03/18/2021,LACKAWANNA,1389,1609
108,03/18/2021,THIRTY THIRD ST,4180,3404
109,03/18/2021,NEWARK BM BW,5076,769
110,03/18/2021,NEWARK C,1188,630
111,03/18/2021,NEWARK HM HE,87,4958
112,03/18/2021,PATH WTC 2,1037,2897
113,03/18/2021,PATH NEW WTC,12056,11837
114,03/19/2021,NEWARK HW BMEBE,1001,1476
115,03/19/2021,HARRISON,2236,2494
116,03/19/2021,JOURNAL SQUARE,9245,6774
117,03/19/2021,GROVE STREET,4874,5547
118,03/19/2021,EXCHANGE PLACE,3258,3756
119,03/19/2021,PAVONIA/NEWPORT,3152,3580
120,03/19/2021,CITY / BUS,3659,3841
121,03/19/2021,CHRISTOPHER ST,1269,1395
122,03/19/2021,9TH STREET,1057,1537
123,03/19/2021,14TH STREET,2295,3056
124,03/19/2021,TWENTY THIRD ST,1896,2502
125,03/19/2021,THIRTY ST,2819,3138
126,03/19/2021,LACKAWANNA,1391,1690
127,03/19/2021,THIRTY THIRD ST,4752,3983
128,03/19/2021,NEWARK BM BW,5552,297
129,03/19/2021,NEWARK C,1053,265
130,03/19/2021,NEWARK HM HE,0,6276
131,03/19/2021,PATH WTC 2,1257,3426
132,03/19/2021,PATH NEW WTC,12614,12851
133,03/06/2021,NEWARK HW BMEBE,319,702
134,03/06/2021,HARRISON,1106,1178
135,03/06/2021,JOURNAL SQUARE,5803,4703
136,03/06/2021,GROVE STREET,3447,3435
137,03/06/2021,EXCHANGE PLACE,1655,1950
138,03/06/2021,PAVONIA/NEWPORT,2346,2229
139,03/06/2021,CITY / BUS,2700,3067
140,03/06/2021,CHRISTOPHER ST,989,1243
141,03/06/2021,9TH STREET,1068,1550
142,03/06/2021,14TH STREET,1809,2353
143,03/06/2021,TWENTY THIRD ST,1059,1405
144,03/06/2021,THIRTY ST,1015,203
145,03/06/2021,LACKAWANNA,559,705
146,03/06/2021,THIRTY THIRD ST,3862,3681
147,03/06/2021,NEWARK BM BW,3515,278
148,03/06/2021,NEWARK C,534,239
149,03/06/2021,NEWARK HM HE,0,3622
150,03/06/2021,PATH WTC 2,840,1692
151,03/06/2021,PATH NEW WTC,6304,7397
152,03/07/2021,NEWARK HW BMEBE,240,495
153,03/07/2021,HARRISON,811,1029
154,03/07/2021,JOURNAL SQUARE,4185,3905
155,03/07/2021,GROVE STREET,2242,2614
156,03/07/2021,EXCHANGE PLACE,1197,1628
157,03/07/2021,PAVONIA/NEWPORT,1696,1715
158,03/07/2021,CITY / BUS,1768,2067
159,03/07/2021,CHRISTOPHER ST,654,865
160,03/07/2021,9TH STREET,804,1092
161,03/07/2021,14TH STREET,1266,1512
162,03/07/2021,TWENTY THIRD ST,693,1035
163,03/07/2021,THIRTY ST,918,2325
164,03/07/2021,LACKAWANNA,442,588
165,03/07/2021,THIRTY THIRD ST,2451,893
166,03/07/2021,NEWARK BM BW,2433,323
167,03/07/2021,NEWARK C,371,155
168,03/07/2021,NEWARK HM HE,0,2777
169,03/07/2021,PATH WTC 2,759,1232
170,03/07/2021,PATH NEW WTC,4527,5268
171,03/08/2021,NEWARK HW BMEBE,790,1378
172,03/08/2021,HARRISON,2120,2516
173,03/08/2021,JOURNAL SQUARE,8720,6906
174,03/08/2021,GROVE STREET,3784,4208
175,03/08/2021,EXCHANGE PLACE,2733,3350
176,03/08/2021,PAVONIA/NEWPORT,2480,3074
177,03/08/2021,CITY / BUS,2996,3239
178,03/08/2021,CHRISTOPHER ST,950,1056
179,03/08/2021,9TH STREET,833,1189
180,03/08/2021,14TH STREET,1929,2567
181,03/08/2021,TWENTY THIRD ST,1691,2082
182,03/08/2021,THIRTY ST,2631,2764
183,03/08/2021,LACKAWANNA,1375,1558
184,03/08/2021,THIRTY THIRD ST,4435,3664
185,03/08/2021,NEWARK BM BW,5442,867
186,03/08/2021,NEWARK C,1236,534
187,03/08/2021,NEWARK HM HE,0,5021
188,03/08/2021,PATH WTC 2,1033,3071
189,03/08/2021,PATH NEW WTC,12021,12306
190,03/09/2021,NEWARK HW BMEBE,1018,1605
191,03/09/2021,HARRISON,2290,2640
192,03/09/2021,JOURNAL SQUARE,9410,7175
193,03/09/2021,GROVE STREET,4493,4807
194,03/09/2021,EXCHANGE PLACE,3062,3910
195,03/09/2021,PAVONIA/NEWPORT,2725,2905
196,03/09/2021,CITY / BUS,3438,3660
197,03/09/2021,CHRISTOPHER ST,1234,1276
198,03/09/2021,9TH STREET,1115,1504
199,03/09/2021,14TH STREET,2206,2891
200,03/09/2021,TWENTY THIRD ST,1799,2416
201,03/09/2021,THIRTY ST,2866,2915
202,03/09/2021,LACKAWANNA,1553,1818
203,03/09/2021,THIRTY THIRD ST,4800,4463
204,03/09/2021,NEWARK BM BW,5676,678
205,03/09/2021,NEWARK C,1263,703
206,03/09/2021,NEWARK HM HE,0,5671
207,03/09/2021,PATH WTC 2,1342,3495
208,03/09/2021,PATH NEW WTC,12792,12875
209,03/10/2021,NEWARK HW BMEBE,1073,1563
210,03/10/2021,HARRISON,2295,2576
211,03/10/2021,JOURNAL SQUARE,9236,7213
212,03/10/2021,GROVE STREET,4646,4986
213,03/10/2021,EXCHANGE PLACE,2995,3643
214,03/10/2021,PAVONIA/NEWPORT,2706,2773
215,03/10/2021,CITY / BUS,3567,3705
216,03/10/2021,CHRISTOPHER ST,1001,1226
217,03/10/2021,9TH STREET,1040,1322
218,03/10/2021,14TH STREET,2248,2973
219,03/10/2021,TWENTY THIRD ST,1818,2406
220,03/10/2021,THIRTY ST,2639,3040
221,03/10/2021,LACKAWANNA,1550,1798
222,03/10/2021,THIRTY THIRD ST,4802,4321
223,03/10/2021,NEWARK BM BW,5613,581
224,03/10/2021,NEWARK C,1382,683
225,03/10/2021,NEWARK HM HE,0,5767
226,03/10/2021,PATH WTC 2,1303,3513
227,03/10/2021,PATH NEW WTC,13020,12988
228,03/11/2021,NEWARK HW BMEBE,1155,1673
229,03/11/2021,HARRISON,2370,2657
230,03/11/2021,JOURNAL SQUARE,9586,7731
231,03/11/2021,GROVE STREET,4590,5447
232,03/11/2021,EXCHANGE PLACE,3272,3721
233,03/11/2021,PAVONIA/NEWPORT,2995,3496
234,03/11/2021,CITY / BUS,3490,3672
235,03/11/2021,CHRISTOPHER ST,1268,1500
236,03/11/2021,9TH STREET,1136,1552
237,03/11/2021,14TH STREET,2198,2922
238,03/11/2021,TWENTY THIRD ST,1987,2542
239,03/11/2021,THIRTY ST,2918,3383
240,03/11/2021,LACKAWANNA,1569,1828
241,03/11/2021,THIRTY THIRD ST,4816,4055
242,03/11/2021,NEWARK BM BW,5736,559
243,03/11/2021,NEWARK C,1342,559
244,03/11/2021,NEWARK HM HE,2,5846
245,03/11/2021,PATH WTC 2,1315,3411
246,03/11/2021,PATH NEW WTC,13094,13719
247,03/12/2021,NEWARK HW BMEBE,1033,1718
248,03/12/2021,HARRISON,2347,2634
249,03/12/2021,JOURNAL SQUARE,9718,7408
250,03/12/2021,GROVE STREET,5195,5789
251,03/12/2021,EXCHANGE PLACE,3192,3891
252,03/12/2021,PAVONIA/NEWPORT,3372,3905
253,03/12/2021,CITY / BUS,3802,3968
254,03/12/2021,CHRISTOPHER ST,1367,1722
255,03/12/2021,9TH STREET,1229,1836
256,03/12/2021,14TH STREET,2436,3092
257,03/12/2021,TWENTY THIRD ST,1768,2617
258,03/12/2021,THIRTY ST,2886,3424
259,03/12/2021,LACKAWANNA,1405,1762
260,03/12/2021,THIRTY THIRD ST,4737,4020
261,03/12/2021,NEWARK BM BW,5781,635
262,03/12/2021,NEWARK C,1250,682
263,03/12/2021,NEWARK HM HE,0,5578
264,03/12/2021,PATH WTC 2,1280,3550
265,03/12/2021,PATH NEW WTC,12513,13062
266,02/27/2021,NEWARK HW BMEBE,285,684
267,02/27/2021,HARRISON,1069,1177
268,02/27/2021,JOURNAL SQUARE,5529,4464
269,02/27/2021,GROVE STREET,2625,3017
270,02/27/2021,EXCHANGE PLACE,1373,1800
271,02/27/2021,PAVONIA/NEWPORT,2174,2604
272,02/27/2021,CITY / BUS,2345,2759
273,02/27/2021,CHRISTOPHER ST,940,1058
274,02/27/2021,9TH STREET,931,1352
275,02/27/2021,14TH STREET,1676,2117
276,02/27/2021,TWENTY THIRD ST,916,1263
277,02/27/2021,THIRTY ST,913,192
278,02/27/2021,LACKAWANNA,506,682
279,02/27/2021,THIRTY THIRD ST,3441,2208
280,02/27/2021,NEWARK BM BW,3245,341
281,02/27/2021,NEWARK C,335,173
282,02/27/2021,NEWARK HM HE,0,3227
283,02/27/2021,PATH WTC 2,679,1379
284,02/27/2021,PATH NEW WTC,5822,6645
285,02/28/2021,NEWARK HW BMEBE,0,382
286,02/28/2021,HARRISON,660,855
287,02/28/2021,JOURNAL SQUARE,3797,3580
288,02/28/2021,GROVE STREET,1644,2114
289,02/28/2021,EXCHANGE PLACE,985,1375
290,02/28/2021,PAVONIA/NEWPORT,1372,1521
291,02/28/2021,CITY / BUS,1456,1695
292,02/28/2021,CHRISTOPHER ST,489,654
293,02/28/2021,9TH STREET,624,817
294,02/28/2021,14TH STREET,1032,1312
295,02/28/2021,TWENTY THIRD ST,583,870
296,02/28/2021,THIRTY ST,563,136
297,02/28/2021,LACKAWANNA,302,474
298,02/28/2021,THIRTY THIRD ST,2357,2696
299,02/28/2021,NEWARK BM BW,2513,238
300,02/28/2021,NEWARK C,239,149
301,02/28/2021,NEWARK HM HE,0,2582
302,02/28/2021,PATH WTC 2,610,1070
303,02/28/2021,PATH NEW WTC,4120,4800
304,03/01/2021,NEWARK HW BMEBE,949,1689
305,03/01/2021,HARRISON,2139,2403
306,03/01/2021,JOURNAL SQUARE,8395,6665
307,03/01/2021,GROVE STREET,3538,4090
308,03/01/2021,EXCHANGE PLACE,2547,3052
309,03/01/2021,PAVONIA/NEWPORT,2541,3052
310,03/01/2021,CITY / BUS,2907,3285
311,03/01/2021,CHRISTOPHER ST,872,1001
312,03/01/2021,9TH STREET,876,1149
313,03/01/2021,14TH STREET,1850,2477
314,03/01/2021,TWENTY THIRD ST,1704,2145
315,03/01/2021,THIRTY ST,2594,2608
316,03/01/2021,LACKAWANNA,1358,1555
317,03/01/2021,THIRTY THIRD ST,4379,3870
318,03/01/2021,NEWARK BM BW,4988,588
319,03/01/2021,NEWARK C,1123,478
320,03/01/2021,NEWARK HM HE,0,5512
321,03/01/2021,PATH WTC 2,947,2786
322,03/01/2021,PATH NEW WTC,11605,11733
323,03/02/2021,NEWARK HW BMEBE,989,1477
324,03/02/2021,HARRISON,2158,2511
325,03/02/2021,JOURNAL SQUARE,8773,6694
326,03/02/2021,GROVE STREET,3927,4524
327,03/02/2021,EXCHANGE PLACE,2730,3273
328,03/02/2021,PAVONIA/NEWPORT,2390,2776
329,03/02/2021,CITY / BUS,3069,3275
330,03/02/2021,CHRISTOPHER ST,977,1058
331,03/02/2021,9TH STREET,887,1289
332,03/02/2021,14TH STREET,2125,2628
333,03/02/2021,TWENTY THIRD ST,1704,2226
334,03/02/2021,THIRTY ST,2614,2847
335,03/02/2021,LACKAWANNA,1428,1637
336,03/02/2021,THIRTY THIRD ST,4487,3755
337,03/02/2021,NEWARK BM BW,5073,569
338,03/02/2021,NEWARK C,1128,585
339,03/02/2021,NEWARK HM HE,0,5368
340,03/02/2021,PATH WTC 2,1102,3234
341,03/02/2021,PATH NEW WTC,12232,11863
342,03/03/2021,NEWARK HW BMEBE,1045,1523
343,03/03/2021,HARRISON,2255,2264
344,03/03/2021,JOURNAL SQUARE,9293,7352
345,03/03/2021,GROVE STREET,4246,4597
346,03/03/2021,EXCHANGE PLACE,2936,3485
347,03/03/2021,PAVONIA/NEWPORT,2712,3157
348,03/03/2021,CITY / BUS,3327,3634
349,03/03/2021,CHRISTOPHER ST,940,1152
350,03/03/2021,9TH STREET,986,1408
351,03/03/2021,14TH STREET,2228,2893
352,03/03/2021,TWENTY THIRD ST,1821,2390
353,03/03/2021,THIRTY ST,2623,3100
354,03/03/2021,LACKAWANNA,1491,1715
355,03/03/2021,THIRTY THIRD ST,4775,4137
356,03/03/2021,NEWARK BM BW,5268,598
357,03/03/2021,NEWARK C,1450,658
358,03/03/2021,NEWARK HM HE,0,5719
359,03/03/2021,PATH WTC 2,1043,3264
360,03/03/2021,PATH NEW WTC,13160,12857
361,03/04/2021,NEWARK HW BMEBE,1075,1643
362,03/04/2021,HARRISON,2154,2313
363,03/04/2021,JOURNAL SQUARE,9048,6962
364,03/04/2021,GROVE STREET,4115,4660
365,03/04/2021,EXCHANGE PLACE,2808,3451
366,03/04/2021,PAVONIA/NEWPORT,2669,2981
367,03/04/2021,CITY / BUS,3233,3482
368,03/04/2021,CHRISTOPHER ST,1025,1207
369,03/04/2021,9TH STREET,1069,1330
370,03/04/2021,14TH STREET,1813,2734
371,03/04/2021,TWENTY THIRD ST,1848,2351
372,03/04/2021,THIRTY ST,2735,2986
373,03/04/2021,LACKAWANNA,1347,1638
374,03/04/2021,THIRTY THIRD ST,4480,3868
375,03/04/2021,NEWARK BM BW,5111,747
376,03/04/2021,NEWARK C,1414,629
377,03/04/2021,NEWARK HM HE,0,5341
378,03/04/2021,PATH WTC 2,1126,3285
379,03/04/2021,PATH NEW WTC,12695,12136
380,03/05/2021,NEWARK HW BMEBE,939,1502
381,03/05/2021,HARRISON,2141,2491
382,03/05/2021,JOURNAL SQUARE,9278,6846
383,03/05/2021,GROVE STREET,4280,4797
384,03/05/2021,EXCHANGE PLACE,2881,3406
385,03/05/2021,PAVONIA/NEWPORT,3026,3724
386,03/05/2021,CITY / BUS,3251,3387
387,03/05/2021,CHRISTOPHER ST,1091,1301
388,03/05/2021,9TH STREET,984,1489
389,03/05/2021,14TH STREET,2250,2918
390,03/05/2021,TWENTY THIRD ST,1721,2364
391,03/05/2021,THIRTY ST,2670,3067
392,03/05/2021,LACKAWANNA,1325,1552
393,03/05/2021,THIRTY THIRD ST,4210,3601
394,03/05/2021,NEWARK BM BW,5408,765
395,03/05/2021,NEWARK C,1249,678
396,03/05/2021,NEWARK HM HE,0,5314
397,03/05/2021,PATH WTC 2,1187,3286
398,03/05/2021,PATH NEW WTC,12109,11983
399,02/20/2021,NEWARK HW BMEBE,3,576
400,02/20/2021,HARRISON,1132,1200
401,02/20/2021,JOURNAL SQUARE,5833,5151
402,02/20/2021,GROVE STREET,4467,5333
403,02/20/2021,EXCHANGE PLACE,6,177
404,02/20/2021,PAVONIA/NEWPORT,2839,2940
405,02/20/2021,CITY / BUS,2443,3103
406,02/20/2021,CHRISTOPHER ST,991,1261
407,02/20/2021,9TH STREET,1163,1585
408,02/20/2021,14TH STREET,1814,2411
409,02/20/2021,TWENTY THIRD ST,1075,1495
410,02/20/2021,THIRTY ST,1181,950
411,02/20/2021,LACKAWANNA,548,730
412,02/20/2021,THIRTY THIRD ST,3401,3513
413,02/20/2021,NEWARK BM BW,3475,569
414,02/20/2021,NEWARK C,403,98
415,02/20/2021,NEWARK HM HE,0,3247
416,02/20/2021,PATH WTC 2,736,2104
417,02/20/2021,PATH NEW WTC,5721,5396
418,02/21/2021,NEWARK HW BMEBE,0,472
419,02/21/2021,HARRISON,744,985
420,02/21/2021,JOURNAL SQUARE,4212,3955
421,02/21/2021,GROVE STREET,2953,3567
422,02/21/2021,EXCHANGE PLACE,41,307
423,02/21/2021,PAVONIA/NEWPORT,1780,1791
424,02/21/2021,CITY / BUS,1717,1937
425,02/21/2021,CHRISTOPHER ST,618,852
426,02/21/2021,9TH STREET,807,1092
427,02/21/2021,14TH STREET,1265,1623
428,02/21/2021,TWENTY THIRD ST,644,973
429,02/21/2021,THIRTY ST,928,409
430,02/21/2021,LACKAWANNA,429,570
431,02/21/2021,THIRTY THIRD ST,2465,2802
432,02/21/2021,NEWARK BM BW,2802,418
433,02/21/2021,NEWARK C,379,175
434,02/21/2021,NEWARK HM HE,0,2610
435,02/21/2021,PATH WTC 2,621,1825
436,02/21/2021,PATH NEW WTC,4043,3940
437,02/22/2021,NEWARK HW BMEBE,871,1428
438,02/22/2021,HARRISON,1902,2230
439,02/22/2021,JOURNAL SQUARE,7977,5916
440,02/22/2021,GROVE STREET,3767,4261
441,02/22/2021,EXCHANGE PLACE,2391,2918
442,02/22/2021,PAVONIA/NEWPORT,2113,2596
443,02/22/2021,CITY / BUS,2632,2797
444,02/22/2021,CHRISTOPHER ST,775,899
445,02/22/2021,9TH STREET,760,968
446,02/22/2021,14TH STREET,1756,2326
447,02/22/2021,TWENTY THIRD ST,1491,1785
448,02/22/2021,THIRTY ST,2439,2342
449,02/22/2021,LACKAWANNA,1228,1421
450,02/22/2021,THIRTY THIRD ST,3492,3293
451,02/22/2021,NEWARK BM BW,4674,246
452,02/22/2021,NEWARK C,1040,159
453,02/22/2021,NEWARK HM HE,0,5333
454,02/22/2021,PATH WTC 2,975,2894
455,02/22/2021,PATH NEW WTC,10788,10864
456,02/23/2021,NEWARK HW BMEBE,945,1557
457,02/23/2021,HARRISON,2155,2549
458,02/23/2021,JOURNAL SQUARE,8991,7105
459,02/23/2021,GROVE STREET,4256,4913
460,02/23/2021,EXCHANGE PLACE,2712,3309
461,02/23/2021,PAVONIA/NEWPORT,2507,3030
462,02/23/2021,CITY / BUS,2869,3183
463,02/23/2021,CHRISTOPHER ST,959,1086
464,02/23/2021,9TH STREET,937,1246
465,02/23/2021,14TH STREET,2027,2632
466,02/23/2021,TWENTY THIRD ST,1667,2200
467,02/23/2021,THIRTY ST,2621,2555
468,02/23/2021,LACKAWANNA,1511,1617
469,02/23/2021,THIRTY THIRD ST,4434,3620
470,02/23/2021,NEWARK BM BW,5378,410
471,02/23/2021,NEWARK C,1118,402
472,02/23/2021,NEWARK HM HE,0,6082
473,02/23/2021,PATH WTC 2,1157,3044
474,02/23/2021,PATH NEW WTC,11937,12016
475,02/24/2021,NEWARK HW BMEBE,959,1560
476,02/24/2021,HARRISON,2241,2440
477,02/24/2021,JOURNAL SQUARE,9104,7414
478,02/24/2021,GROVE STREET,4386,4401
479,02/24/2021,EXCHANGE PLACE,2825,3331
480,02/24/2021,PAVONIA/NEWPORT,2749,3004
481,02/24/2021,CITY / BUS,3227,3574
482,02/24/2021,CHRISTOPHER ST,1024,1235
483,02/24/2021,9TH STREET,1006,1342
484,02/24/2021,14TH STREET,2203,2808
485,02/24/2021,TWENTY THIRD ST,1785,2329
486,02/24/2021,THIRTY ST,2702,2844
487,02/24/2021,LACKAWANNA,1508,1772
488,02/24/2021,THIRTY THIRD ST,4607,3598
489,02/24/2021,NEWARK BM BW,5506,323
490,02/24/2021,NEWARK C,1271,298
491,02/24/2021,NEWARK HM HE,0,6406
492,02/24/2021,PATH WTC 2,1200,3452
493,02/24/2021,PATH NEW WTC,12564,12470
494,02/25/2021,NEWARK HW BMEBE,963,1553
495,02/25/2021,HARRISON,2243,2564
496,02/25/2021,JOURNAL SQUARE,9119,7189
497,02/25/2021,GROVE STREET,3739,4231
498,02/25/2021,EXCHANGE PLACE,2857,3402
499,02/25/2021,PAVONIA/NEWPORT,2626,3037
500,02/25/2021,CITY / BUS,3322,3436
501,02/25/2021,CHRISTOPHER ST,1003,1179
502,02/25/2021,9TH STREET,1032,1338
503,02/25/2021,14TH STREET,2085,2715
504,02/25/2021,TWENTY THIRD ST,1816,2379
505,02/25/2021,THIRTY ST,2696,2605
506,02/25/2021,LACKAWANNA,1307,1679
507,02/25/2021,THIRTY THIRD ST,4607,3425
508,02/25/2021,NEWARK BM BW,5473,325
509,02/25/2021,NEWARK C,1109,282
510,02/25/2021,NEWARK HM HE,0,5928
511,02/25/2021,PATH WTC 2,1157,3484
512,02/25/2021,PATH NEW WTC,12355,12087
513,02/26/2021,NEWARK HW BMEBE,919,1639
514,02/26/2021,HARRISON,2113,2486
515,02/26/2021,JOURNAL SQUARE,9289,7224
516,02/26/2021,GROVE STREET,3762,4428
517,02/26/2021,EXCHANGE PLACE,2841,3464
518,02/26/2021,PAVONIA/NEWPORT,3119,3669
519,02/26/2021,CITY / BUS,3493,3485
520,02/26/2021,CHRISTOPHER ST,1050,1302
521,02/26/2021,9TH STREET,1071,1451
522,02/26/2021,14TH STREET,2206,2908
523,02/26/2021,TWENTY THIRD ST,1753,2339
524,02/26/2021,THIRTY ST,2760,2438
525,02/26/2021,LACKAWANNA,1167,1659
526,02/26/2021,THIRTY THIRD ST,4562,3667
527,02/26/2021,NEWARK BM BW,5454,281
528,02/26/2021,NEWARK C,1355,199
529,02/26/2021,NEWARK HM HE,0,6177
530,02/26/2021,PATH WTC 2,1083,2991
531,02/26/2021,PATH NEW WTC,12203,12579
532,02/13/2021,NEWARK HW BMEBE,294,653
533,02/13/2021,HARRISON,1034,1216
534,02/13/2021,JOURNAL SQUARE,5788,5011
535,02/13/2021,GROVE STREET,3247,4072
536,02/13/2021,EXCHANGE PLACE,1608,2052
537,02/13/2021,PAVONIA/NEWPORT,2296,2754
538,02/13/2021,CITY / BUS,2232,2600
539,02/13/2021,CHRISTOPHER ST,784,979
540,02/13/2021,9TH STREET,941,1293
541,02/13/2021,14TH STREET,1692,2060
542,02/13/2021,TWENTY THIRD ST,1021,1334
543,02/13/2021,THIRTY ST,1095,434
544,02/13/2021,LACKAWANNA,509,762
545,02/13/2021,THIRTY THIRD ST,3267,3798
546,02/13/2021,NEWARK BM BW,2929,307
547,02/13/2021,NEWARK C,448,232
548,02/13/2021,NEWARK HM HE,0,3312
549,02/13/2021,PATH WTC 2,804,2476
550,02/13/2021,PATH NEW WTC,6228,5863
551,02/14/2021,NEWARK HW BMEBE,215,525
552,02/14/2021,HARRISON,841,940
553,02/14/2021,JOURNAL SQUARE,4383,4044
554,02/14/2021,GROVE STREET,2483,2869
555,02/14/2021,EXCHANGE PLACE,1172,1515
556,02/14/2021,PAVONIA/NEWPORT,1919,2149
557,02/14/2021,CITY / BUS,1738,1982
558,02/14/2021,CHRISTOPHER ST,597,841
559,02/14/2021,9TH STREET,787,1099
560,02/14/2021,14TH STREET,1205,1557
561,02/14/2021,TWENTY THIRD ST,705,1065
562,02/14/2021,THIRTY ST,838,452
563,02/14/2021,LACKAWANNA,390,466
564,02/14/2021,THIRTY THIRD ST,2379,3143
565,02/14/2021,NEWARK BM BW,2160,307
566,02/14/2021,NEWARK C,266,256
567,02/14/2021,NEWARK HM HE,6,2555
568,02/14/2021,PATH WTC 2,667,1937
569,02/14/2021,PATH NEW WTC,4459,4528
570,02/15/2021,NEWARK HW BMEBE,434,946
571,02/15/2021,HARRISON,1203,1464
572,02/15/2021,JOURNAL SQUARE,6167,5419
573,02/15/2021,GROVE STREET,2883,3370
574,02/15/2021,EXCHANGE PLACE,1671,2153
575,02/15/2021,PAVONIA/NEWPORT,2022,2187
576,02/15/2021,CITY / BUS,2043,2302
577,02/15/2021,CHRISTOPHER ST,669,784
578,02/15/2021,9TH STREET,729,1068
579,02/15/2021,14TH STREET,1365,1992
580,02/15/2021,TWENTY THIRD ST,1066,1449
581,02/15/2021,THIRTY ST,1853,3347
582,02/15/2021,LACKAWANNA,551,724
583,02/15/2021,THIRTY THIRD ST,3064,1455
584,02/15/2021,NEWARK BM BW,3718,353
585,02/15/2021,NEWARK C,630,159
586,02/15/2021,NEWARK HM HE,0,3822
587,02/15/2021,PATH WTC 2,662,2663
588,02/15/2021,PATH NEW WTC,7199,6723
589,02/16/2021,NEWARK HW BMEBE,852,1405
590,02/16/2021,HARRISON,2025,2410
591,02/16/2021,JOURNAL SQUARE,8339,6727
592,02/16/2021,GROVE STREET,3820,4373
593,02/16/2021,EXCHANGE PLACE,2594,3191
594,02/16/2021,PAVONIA/NEWPORT,2358,2952
595,02/16/2021,CITY / BUS,2728,3047
596,02/16/2021,CHRISTOPHER ST,865,981
597,02/16/2021,9TH STREET,890,1204
598,02/16/2021,14TH STREET,1875,2323
599,02/16/2021,TWENTY THIRD ST,1609,2120
600,02/16/2021,THIRTY ST,2500,2492
601,02/16/2021,LACKAWANNA,1261,1476
602,02/16/2021,THIRTY THIRD ST,4354,3728
603,02/16/2021,NEWARK BM BW,4925,344
604,02/16/2021,NEWARK C,1040,265
605,02/16/2021,NEWARK HM HE,0,4463
606,02/16/2021,PATH WTC 2,938,3174
607,02/16/2021,PATH NEW WTC,11229,11015
608,02/17/2021,NEWARK HW BMEBE,934,1502
609,02/17/2021,HARRISON,2143,2431
610,02/17/2021,JOURNAL SQUARE,8962,7247
611,02/17/2021,GROVE STREET,4162,4424
612,02/17/2021,EXCHANGE PLACE,2567,3234
613,02/17/2021,PAVONIA/NEWPORT,2579,2706
614,02/17/2021,CITY / BUS,3031,3220
615,02/17/2021,CHRISTOPHER ST,857,962
616,02/17/2021,9TH STREET,904,1194
617,02/17/2021,14TH STREET,2025,2580
618,02/17/2021,TWENTY THIRD ST,1768,2241
619,02/17/2021,THIRTY ST,2539,3076
620,02/17/2021,LACKAWANNA,1454,1599
621,02/17/2021,THIRTY THIRD ST,4409,3889
622,02/17/2021,NEWARK BM BW,4861,286
623,02/17/2021,NEWARK C,1021,285
624,02/17/2021,NEWARK HM HE,0,5885
625,02/17/2021,PATH WTC 2,1138,3453
626,02/17/2021,PATH NEW WTC,12154,11900
627,02/18/2021,NEWARK HW BMEBE,556,972
628,02/18/2021,HARRISON,1342,1657
629,02/18/2021,JOURNAL SQUARE,5972,5008
630,02/18/2021,GROVE STREET,2687,3208
631,02/18/2021,EXCHANGE PLACE,1732,2250
632,02/18/2021,PAVONIA/NEWPORT,1501,1909
633,02/18/2021,CITY / BUS,1925,2189
634,02/18/2021,CHRISTOPHER ST,531,623
635,02/18/2021,9TH STREET,542,794
636,02/18/2021,14TH STREET,1349,1806
637,02/18/2021,TWENTY THIRD ST,1081,1475
638,02/18/2021,THIRTY ST,1752,2161
639,02/18/2021,LACKAWANNA,899,1028
640,02/18/2021,THIRTY THIRD ST,3106,2586
641,02/18/2021,NEWARK BM BW,3282,261
642,02/18/2021,NEWARK C,665,232
643,02/18/2021,NEWARK HM HE,0,3899
644,02/18/2021,PATH WTC 2,790,2244
645,02/18/2021,PATH NEW WTC,8060,7970
646,02/19/2021,NEWARK HW BMEBE,469,1314
647,02/19/2021,HARRISON,1317,2060
648,02/19/2021,JOURNAL SQUARE,7505,6016
649,02/19/2021,GROVE STREET,3620,4178
650,02/19/2021,EXCHANGE PLACE,2269,2757
651,02/19/2021,PAVONIA/NEWPORT,2324,2762
652,02/19/2021,CITY / BUS,2532,2896
653,02/19/2021,CHRISTOPHER ST,810,939
654,02/19/2021,9TH STREET,776,1156
655,02/19/2021,14TH STREET,1676,2223
656,02/19/2021,TWENTY THIRD ST,1330,1796
657,02/19/2021,THIRTY ST,2198,2883
658,02/19/2021,LACKAWANNA,987,1172
659,02/19/2021,THIRTY THIRD ST,3586,2567
660,02/19/2021,NEWARK BM BW,3643,703
661,02/19/2021,NEWARK C,678,287
662,02/19/2021,NEWARK HM HE,0,4539
663,02/19/2021,PATH WTC 2,740,1614
664,02/19/2021,PATH NEW WTC,9381,9354
665,02/06/2021,NEWARK HW BMEBE,379,664
666,02/06/2021,HARRISON,1155,1344
667,02/06/2021,JOURNAL SQUARE,5934,5217
668,02/06/2021,GROVE STREET,3379,4352
669,02/06/2021,EXCHANGE PLACE,1789,2588
670,02/06/2021,PAVONIA/NEWPORT,2844,3738
671,02/06/2021,CITY / BUS,1902,1969
672,02/06/2021,CHRISTOPHER ST,882,1049
673,02/06/2021,9TH STREET,1054,1291
674,02/06/2021,14TH STREET,1554,2003
675,02/06/2021,TWENTY THIRD ST,1173,1420
676,02/06/2021,THIRTY ST,1207,450
677,02/06/2021,LACKAWANNA,381,630
678,02/06/2021,THIRTY THIRD ST,3459,2948
679,02/06/2021,NEWARK BM BW,3032,324
680,02/06/2021,NEWARK C,421,142
681,02/06/2021,NEWARK HM HE,0,3796
682,02/06/2021,PATH WTC 2,796,2004
683,02/06/2021,PATH NEW WTC,6913,6785
684,02/07/2021,NEWARK HW BMEBE,146,336
685,02/07/2021,HARRISON,422,607
686,02/07/2021,JOURNAL SQUARE,2795,2833
687,02/07/2021,GROVE STREET,1498,2022
688,02/07/2021,EXCHANGE PLACE,658,1125
689,02/07/2021,PAVONIA/NEWPORT,859,989
690,02/07/2021,CITY / BUS,821,1401
691,02/07/2021,CHRISTOPHER ST,347,368
692,02/07/2021,9TH STREET,400,553
693,02/07/2021,14TH STREET,804,986
694,02/07/2021,TWENTY THIRD ST,411,613
695,02/07/2021,THIRTY ST,645,1315
696,02/07/2021,LACKAWANNA,175,323
697,02/07/2021,THIRTY THIRD ST,1465,677
698,02/07/2021,NEWARK BM BW,1393,276
699,02/07/2021,NEWARK C,180,127
700,02/07/2021,NEWARK HM HE,0,1790
701,02/07/2021,PATH WTC 2,444,1169
702,02/07/2021,PATH NEW WTC,3033,2952
703,02/08/2021,NEWARK HW BMEBE,800,1389
704,02/08/2021,HARRISON,1959,2281
705,02/08/2021,JOURNAL SQUARE,8458,6678
706,02/08/2021,GROVE STREET,3632,4211
707,02/08/2021,EXCHANGE PLACE,2488,3136
708,02/08/2021,PAVONIA/NEWPORT,2355,2840
709,02/08/2021,CITY / BUS,2727,2944
710,02/08/2021,CHRISTOPHER ST,792,891
711,02/08/2021,9TH STREET,839,1101
712,02/08/2021,14TH STREET,1818,2454
713,02/08/2021,TWENTY THIRD ST,1609,2016
714,02/08/2021,THIRTY ST,2412,3072
715,02/08/2021,LACKAWANNA,1199,1453
716,02/08/2021,THIRTY THIRD ST,4038,2759
717,02/08/2021,NEWARK BM BW,4727,271
718,02/08/2021,NEWARK C,1081,174
719,02/08/2021,NEWARK HM HE,0,5260
720,02/08/2021,PATH WTC 2,1022,3141
721,02/08/2021,PATH NEW WTC,10878,10618
722,02/09/2021,NEWARK HW BMEBE,842,1335
723,02/09/2021,HARRISON,1985,2324
724,02/09/2021,JOURNAL SQUARE,8381,6938
725,02/09/2021,GROVE STREET,3798,4590
726,02/09/2021,EXCHANGE PLACE,2685,3328
727,02/09/2021,PAVONIA/NEWPORT,2319,2880
728,02/09/2021,CITY / BUS,2858,2948
729,02/09/2021,CHRISTOPHER ST,874,933
730,02/09/2021,9TH STREET,893,1183
731,02/09/2021,14TH STREET,1901,2406
732,02/09/2021,TWENTY THIRD ST,1574,2138
733,02/09/2021,THIRTY ST,2557,2836
734,02/09/2021,LACKAWANNA,1240,1468
735,02/09/2021,THIRTY THIRD ST,4273,3446
736,02/09/2021,NEWARK BM BW,4693,270
737,02/09/2021,NEWARK C,976,264
738,02/09/2021,NEWARK HM HE,0,5030
739,02/09/2021,PATH WTC 2,1050,3175
740,02/09/2021,PATH NEW WTC,11154,10872
741,02/10/2021,NEWARK HW BMEBE,975,1497
742,02/10/2021,HARRISON,2110,2282
743,02/10/2021,JOURNAL SQUARE,8943,7415
744,02/10/2021,GROVE STREET,4076,4637
745,02/10/2021,EXCHANGE PLACE,2640,3075
746,02/10/2021,PAVONIA/NEWPORT,2461,3013
747,02/10/2021,CITY / BUS,2969,3352
748,02/10/2021,CHRISTOPHER ST,888,1031
749,02/10/2021,9TH STREET,897,1223
750,02/10/2021,14TH STREET,2058,2754
751,02/10/2021,TWENTY THIRD ST,1796,2194
752,02/10/2021,THIRTY ST,2589,3377
753,02/10/2021,LACKAWANNA,1403,1609
754,02/10/2021,THIRTY THIRD ST,4364,3547
755,02/10/2021,NEWARK BM BW,5001,320
756,02/10/2021,NEWARK C,1052,278
757,02/10/2021,NEWARK HM HE,0,3874
758,02/10/2021,PATH WTC 2,1188,3412
759,02/10/2021,PATH NEW WTC,12108,11726
760,02/11/2021,NEWARK HW BMEBE,858,1380
761,02/11/2021,HARRISON,2008,2325
762,02/11/2021,JOURNAL SQUARE,8655,7141
763,02/11/2021,GROVE STREET,4083,4792
764,02/11/2021,EXCHANGE PLACE,2657,3304
765,02/11/2021,PAVONIA/NEWPORT,2482,2988
766,02/11/2021,CITY / BUS,3026,2570
767,02/11/2021,CHRISTOPHER ST,872,963
768,02/11/2021,9TH STREET,998,1234
769,02/11/2021,14TH STREET,2170,2569
770,02/11/2021,TWENTY THIRD ST,1678,2130
771,02/11/2021,THIRTY ST,2481,3077
772,02/11/2021,LACKAWANNA,1287,1562
773,02/11/2021,THIRTY THIRD ST,4435,3619
774,02/11/2021,NEWARK BM BW,4809,286
775,02/11/2021,NEWARK C,1087,234
776,02/11/2021,NEWARK HM HE,0,5313
777,02/11/2021,PATH WTC 2,961,3184
778,02/11/2021,PATH NEW WTC,11587,11450
779,02/12/2021,NEWARK HW BMEBE,841,1490
780,02/12/2021,HARRISON,1998,2302
781,02/12/2021,JOURNAL SQUARE,8829,7187
782,02/12/2021,GROVE STREET,4307,5061
783,02/12/2021,EXCHANGE PLACE,2679,3260
784,02/12/2021,PAVONIA/NEWPORT,2890,3549
785,02/12/2021,CITY / BUS,3082,3448
786,02/12/2021,CHRISTOPHER ST,963,1086
787,02/12/2021,9TH STREET,1008,1313
788,02/12/2021,14TH STREET,2182,2762
789,02/12/2021,TWENTY THIRD ST,1613,2041
790,02/12/2021,THIRTY ST,2564,3268
791,02/12/2021,LACKAWANNA,1222,1500
792,02/12/2021,THIRTY THIRD ST,4367,3316
793,02/12/2021,NEWARK BM BW,4816,274
794,02/12/2021,NEWARK C,1098,185
795,02/12/2021,NEWARK HM HE,0,5519
796,02/12/2021,PATH WTC 2,1181,3303
797,02/12/2021,PATH NEW WTC,11298,11254
798,01/30/2021,NEWARK HW BMEBE,313,602
799,01/30/2021,HARRISON,896,1153
800,01/30/2021,JOURNAL SQUARE,4862,4278
801,01/30/2021,GROVE STREET,2773,3680
802,01/30/2021,EXCHANGE PLACE,1347,2150
803,01/30/2021,PAVONIA/NEWPORT,1955,3045
804,01/30/2021,CITY / BUS,1755,1858
805,01/30/2021,CHRISTOPHER ST,786,823
806,01/30/2021,9TH STREET,829,1115
807,01/30/2021,14TH STREET,1566,1835
808,01/30/2021,TWENTY THIRD ST,886,1126
809,01/30/2021,THIRTY ST,1034,935
810,01/30/2021,LACKAWANNA,419,630
811,01/30/2021,THIRTY THIRD ST,2984,1847
812,01/30/2021,NEWARK BM BW,2502,301
813,01/30/2021,NEWARK C,342,196
814,01/30/2021,NEWARK HM HE,0,3084
815,01/30/2021,PATH WTC 2,688,2197
816,01/30/2021,PATH NEW WTC,5492,4976
817,01/31/2021,NEWARK HW BMEBE,219,539
818,01/31/2021,HARRISON,613,827
819,01/31/2021,JOURNAL SQUARE,3627,3356
820,01/31/2021,GROVE STREET,1903,2309
821,01/31/2021,EXCHANGE PLACE,971,1448
822,01/31/2021,PAVONIA/NEWPORT,1269,1789
823,01/31/2021,CITY / BUS,1254,1397
824,01/31/2021,CHRISTOPHER ST,399,484
825,01/31/2021,9TH STREET,531,758
826,01/31/2021,14TH STREET,976,1359
827,01/31/2021,TWENTY THIRD ST,522,766
828,01/31/2021,THIRTY ST,679,322
829,01/31/2021,LACKAWANNA,256,479
830,01/31/2021,THIRTY THIRD ST,2089,1873
831,01/31/2021,NEWARK BM BW,1982,378
832,01/31/2021,NEWARK C,278,137
833,01/31/2021,NEWARK HM HE,16,2497
834,01/31/2021,PATH WTC 2,580,1636
835,01/31/2021,PATH NEW WTC,3779,3745
836,02/01/2021,NEWARK HW BMEBE,40,235
837,02/01/2021,HARRISON,365,513
838,02/01/2021,JOURNAL SQUARE,1920,1877
839,02/01/2021,GROVE STREET,768,917
840,02/01/2021,EXCHANGE PLACE,410,519
841,02/01/2021,PAVONIA/NEWPORT,383,492
842,02/01/2021,CITY / BUS,747,857
843,02/01/2021,CHRISTOPHER ST,121,166
844,02/01/2021,9TH STREET,115,176
845,02/01/2021,14TH STREET,327,541
846,02/01/2021,TWENTY THIRD ST,230,409
847,02/01/2021,THIRTY ST,483,718
848,02/01/2021,LACKAWANNA,90,205
849,02/01/2021,THIRTY THIRD ST,1020,614
850,02/01/2021,NEWARK BM BW,749,278
851,02/01/2021,NEWARK C,102,180
852,02/01/2021,NEWARK HM HE,0,807
853,02/01/2021,PATH WTC 2,203,573
854,02/01/2021,PATH NEW WTC,1644,1856
855,02/02/2021,NEWARK HW BMEBE,0,57
856,02/02/2021,HARRISON,95,387
857,02/02/2021,JOURNAL SQUARE,2443,2933
858,02/02/2021,GROVE STREET,934,1378
859,02/02/2021,EXCHANGE PLACE,593,870
860,02/02/2021,PAVONIA/NEWPORT,663,811
861,02/02/2021,CITY / BUS,897,1138
862,02/02/2021,CHRISTOPHER ST,230,276
863,02/02/2021,9TH STREET,221,348
864,02/02/2021,14TH STREET,476,703
865,02/02/2021,TWENTY THIRD ST,354,463
866,02/02/2021,THIRTY ST,620,310
867,02/02/2021,LACKAWANNA,115,260
868,02/02/2021,THIRTY THIRD ST,1354,1543
869,02/02/2021,NEWARK BM BW,476,427
870,02/02/2021,NEWARK C,47,344
871,02/02/2021,NEWARK HM HE,0,78
872,02/02/2021,PATH WTC 2,307,410
873,02/02/2021,PATH NEW WTC,2192,1828
874,02/03/2021,NEWARK HW BMEBE,836,1320
875,02/03/2021,HARRISON,1960,2177
876,02/03/2021,JOURNAL SQUARE,8553,7220
877,02/03/2021,GROVE STREET,3933,4603
878,02/03/2021,EXCHANGE PLACE,2588,2913
879,02/03/2021,PAVONIA/NEWPORT,2263,2744
880,02/03/2021,CITY / BUS,2834,3134
881,02/03/2021,CHRISTOPHER ST,800,902
882,02/03/2021,9TH STREET,798,1086
883,02/03/2021,14TH STREET,1884,2362
884,02/03/2021,TWENTY THIRD ST,1629,2053
885,02/03/2021,THIRTY ST,2274,2357
886,02/03/2021,LACKAWANNA,1113,1306
887,02/03/2021,THIRTY THIRD ST,4106,2676
888,02/03/2021,NEWARK BM BW,5027,271
889,02/03/2021,NEWARK C,934,147
890,02/03/2021,NEWARK HM HE,0,5655
891,02/03/2021,PATH WTC 2,1051,3183
892,02/03/2021,PATH NEW WTC,10931,10261
893,02/04/2021,NEWARK HW BMEBE,908,1355
894,02/04/2021,HARRISON,2059,2423
895,02/04/2021,JOURNAL SQUARE,8530,7132
896,02/04/2021,GROVE STREET,4199,4989
897,02/04/2021,EXCHANGE PLACE,2623,3550
898,02/04/2021,PAVONIA/NEWPORT,2557,3031
899,02/04/2021,CITY / BUS,3091,3474
900,02/04/2021,CHRISTOPHER ST,886,989
901,02/04/2021,9TH STREET,963,1219
902,02/04/2021,14TH STREET,2163,2479
903,02/04/2021,TWENTY THIRD ST,1712,2080
904,02/04/2021,THIRTY ST,2541,2390
905,02/04/2021,LACKAWANNA,1273,1609
906,02/04/2021,THIRTY THIRD ST,4305,2743
907,02/04/2021,NEWARK BM BW,4786,455
908,02/04/2021,NEWARK C,1067,236
909,02/04/2021,NEWARK HM HE,0,6155
910,02/04/2021,PATH WTC 2,1052,3123
911,02/04/2021,PATH NEW WTC,11672,11525
912,02/05/2021,NEWARK HW BMEBE,934,1287
913,02/05/2021,HARRISON,2039,2288
914,02/05/2021,JOURNAL SQUARE,8264,7127
915,02/05/2021,GROVE STREET,4179,5011
916,02/05/2021,EXCHANGE PLACE,2690,3392
917,02/05/2021,PAVONIA/NEWPORT,2771,3591
918,02/05/2021,CITY / BUS,3114,3743
919,02/05/2021,CHRISTOPHER ST,1013,1042
920,02/05/2021,9TH STREET,930,1266
921,02/05/2021,14TH STREET,2209,2712
922,02/05/2021,TWENTY THIRD ST,1795,2237
923,02/05/2021,THIRTY ST,2577,2809
924,02/05/2021,LACKAWANNA,1244,1555
925,02/05/2021,THIRTY THIRD ST,4412,3217
926,02/05/2021,NEWARK BM BW,4755,277
927,02/05/2021,NEWARK C,956,188
928,02/05/2021,NEWARK HM HE,0,6195
929,02/05/2021,PATH WTC 2,996,3177
930,02/05/2021,PATH NEW WTC,11550,11563
931,01/23/2021,NEWARK HW BMEBE,270,703
932,01/23/2021,HARRISON,1011,1228
933,01/23/2021,JOURNAL SQUARE,5128,4645
934,01/23/2021,GROVE STREET,2968,3854
935,01/23/2021,EXCHANGE PLACE,1530,2141
936,01/23/2021,PAVONIA/NEWPORT,1991,2483
937,01/23/2021,CITY / BUS,2120,2811
938,01/23/2021,CHRISTOPHER ST,850,972
939,01/23/2021,9TH STREET,1010,1224
940,01/23/2021,14TH STREET,1637,2043
941,01/23/2021,TWENTY THIRD ST,904,1249
942,01/23/2021,THIRTY ST,1145,393
943,01/23/2021,LACKAWANNA,539,786
944,01/23/2021,THIRTY THIRD ST,3304,2553
945,01/23/2021,NEWARK BM BW,2825,316
946,01/23/2021,NEWARK C,449,140
947,01/23/2021,NEWARK HM HE,0,3335
948,01/23/2021,PATH WTC 2,705,2196
949,01/23/2021,PATH NEW WTC,6232,5647
950,01/24/2021,NEWARK HW BMEBE,213,486
951,01/24/2021,HARRISON,646,826
952,01/24/2021,JOURNAL SQUARE,3617,3520
953,01/24/2021,GROVE STREET,2012,2542
954,01/24/2021,EXCHANGE PLACE,1121,1456
955,01/24/2021,PAVONIA/NEWPORT,1325,1533
956,01/24/2021,CITY / BUS,1488,1765
957,01/24/2021,CHRISTOPHER ST,556,622
958,01/24/2021,9TH STREET,616,826
959,01/24/2021,14TH STREET,1137,1460
960,01/24/2021,TWENTY THIRD ST,592,904
961,01/24/2021,THIRTY ST,888,686
962,01/24/2021,LACKAWANNA,394,601
963,01/24/2021,THIRTY THIRD ST,2076,2062
964,01/24/2021,NEWARK BM BW,1876,242
965,01/24/2021,NEWARK C,329,118
966,01/24/2021,NEWARK HM HE,0,2579
967,01/24/2021,PATH WTC 2,614,1843
968,01/24/2021,PATH NEW WTC,3997,3985
969,01/25/2021,NEWARK HW BMEBE,849,1494
970,01/25/2021,HARRISON,1982,2298
971,01/25/2021,JOURNAL SQUARE,8116,6393
972,01/25/2021,GROVE STREET,3743,4387
973,01/25/2021,EXCHANGE PLACE,2631,3197
974,01/25/2021,PAVONIA/NEWPORT,2232,2627
975,01/25/2021,CITY / BUS,2777,3109
976,01/25/2021,CHRISTOPHER ST,841,936
977,01/25/2021,9TH STREET,769,1053
978,01/25/2021,14TH STREET,1884,2412
979,01/25/2021,TWENTY THIRD ST,1569,2053
980,01/25/2021,THIRTY ST,2511,2334
981,01/25/2021,LACKAWANNA,1339,1450
982,01/25/2021,THIRTY THIRD ST,4271,3344
983,01/25/2021,NEWARK BM BW,4715,284
984,01/25/2021,NEWARK C,969,177
985,01/25/2021,NEWARK HM HE,0,5763
986,01/25/2021,PATH WTC 2,1074,3043
987,01/25/2021,PATH NEW WTC,11306,11221
988,01/26/2021,NEWARK HW BMEBE,811,1278
989,01/26/2021,HARRISON,1953,2344
990,01/26/2021,JOURNAL SQUARE,7821,6815
991,01/26/2021,GROVE STREET,3602,4121
992,01/26/2021,EXCHANGE PLACE,2402,2900
993,01/26/2021,PAVONIA/NEWPORT,2167,2694
994,01/26/2021,CITY / BUS,2623,2959
995,01/26/2021,CHRISTOPHER ST,824,917
996,01/26/2021,9TH STREET,773,1016
997,01/26/2021,14TH STREET,1852,2453
998,01/26/2021,TWENTY THIRD ST,1452,1976
999,01/26/2021,THIRTY ST,2461,2129
1000,01/26/2021,LACKAWANNA,1211,1458
1001,01/26/2021,THIRTY THIRD ST,4099,3217
1002,01/26/2021,NEWARK BM BW,4385,334
1003,01/26/2021,NEWARK C,986,283
1004,01/26/2021,NEWARK HM HE,0,5044
1005,01/26/2021,PATH WTC 2,1034,3007
1006,01/26/2021,PATH NEW WTC,10801,10523
1007,01/27/2021,NEWARK HW BMEBE,851,1485
1008,01/27/2021,HARRISON,2079,2269
1009,01/27/2021,JOURNAL SQUARE,8448,6549
1010,01/27/2021,GROVE STREET,4019,4582
1011,01/27/2021,EXCHANGE PLACE,2646,3024
1012,01/27/2021,PAVONIA/NEWPORT,2489,2834
1013,01/27/2021,CITY / BUS,2982,3265
1014,01/27/2021,CHRISTOPHER ST,882,1064
1015,01/27/2021,9TH STREET,875,1189
1016,01/27/2021,14TH STREET,1957,2640
1017,01/27/2021,TWENTY THIRD ST,1708,2160
1018,01/27/2021,THIRTY ST,2594,2399
1019,01/27/2021,LACKAWANNA,1324,1545
1020,01/27/2021,THIRTY THIRD ST,4136,3167
1021,01/27/2021,NEWARK BM BW,4971,345
1022,01/27/2021,NEWARK C,1049,325
1023,01/27/2021,NEWARK HM HE,0,5893
1024,01/27/2021,PATH WTC 2,1110,3101
1025,01/27/2021,PATH NEW WTC,11847,11827
1026,01/28/2021,NEWARK HW BMEBE,929,1437
1027,01/28/2021,HARRISON,2008,2330
1028,01/28/2021,JOURNAL SQUARE,8428,6710
1029,01/28/2021,GROVE STREET,4121,4665
1030,01/28/2021,EXCHANGE PLACE,2732,3301
1031,01/28/2021,PAVONIA/NEWPORT,2337,2901
1032,01/28/2021,CITY / BUS,2980,3358
1033,01/28/2021,CHRISTOPHER ST,879,996
1034,01/28/2021,9TH STREET,905,1140
1035,01/28/2021,14TH STREET,2150,2654
1036,01/28/2021,TWENTY THIRD ST,1661,2169
1037,01/28/2021,THIRTY ST,2521,2516
1038,01/28/2021,LACKAWANNA,1351,1545
1039,01/28/2021,THIRTY THIRD ST,4440,3039
1040,01/28/2021,NEWARK BM BW,4721,260
1041,01/28/2021,NEWARK C,1140,243
1042,01/28/2021,NEWARK HM HE,0,6057
1043,01/28/2021,PATH WTC 2,1035,3103
1044,01/28/2021,PATH NEW WTC,11706,11462
1045,01/29/2021,NEWARK HW BMEBE,770,1399
1046,01/29/2021,HARRISON,1803,2074
1047,01/29/2021,JOURNAL SQUARE,7536,6140
1048,01/29/2021,GROVE STREET,3698,4521
1049,01/29/2021,EXCHANGE PLACE,2507,3007
1050,01/29/2021,PAVONIA/NEWPORT,2274,2970
1051,01/29/2021,CITY / BUS,2736,3498
1052,01/29/2021,CHRISTOPHER ST,874,978
1053,01/29/2021,9TH STREET,847,1122
1054,01/29/2021,14TH STREET,1947,2490
1055,01/29/2021,TWENTY THIRD ST,1560,2078
1056,01/29/2021,THIRTY ST,2324,2142
1057,01/29/2021,LACKAWANNA,912,1359
1058,01/29/2021,THIRTY THIRD ST,3960,3514
1059,01/29/2021,NEWARK BM BW,4643,373
1060,01/29/2021,NEWARK C,1066,265
1061,01/29/2021,NEWARK HM HE,3,5324
1062,01/29/2021,PATH WTC 2,1120,2972
1063,01/29/2021,PATH NEW WTC,10598,10711
1064,01/16/2021,NEWARK HW BMEBE,338,798
1065,01/16/2021,HARRISON,966,1087
1066,01/16/2021,JOURNAL SQUARE,5289,4792
1067,01/16/2021,GROVE STREET,2825,3489
1068,01/16/2021,EXCHANGE PLACE,1502,2108
1069,01/16/2021,PAVONIA/NEWPORT,1999,2487
1070,01/16/2021,CITY / BUS,2130,2836
1071,01/16/2021,CHRISTOPHER ST,864,1019
1072,01/16/2021,9TH STREET,962,1243
1073,01/16/2021,14TH STREET,1568,2005
1074,01/16/2021,TWENTY THIRD ST,955,1193
1075,01/16/2021,THIRTY ST,1526,1907
1076,01/16/2021,LACKAWANNA,453,767
1077,01/16/2021,THIRTY THIRD ST,2917,1398
1078,01/16/2021,NEWARK BM BW,2848,291
1079,01/16/2021,NEWARK C,406,192
1080,01/16/2021,NEWARK HM HE,7,3393
1081,01/16/2021,PATH WTC 2,777,2426
1082,01/16/2021,PATH NEW WTC,5861,5664
1083,01/17/2021,NEWARK HW BMEBE,207,504
1084,01/17/2021,HARRISON,724,915
1085,01/17/2021,JOURNAL SQUARE,4045,3885
1086,01/17/2021,GROVE STREET,2212,2793
1087,01/17/2021,EXCHANGE PLACE,1254,1625
1088,01/17/2021,PAVONIA/NEWPORT,1638,1851
1089,01/17/2021,CITY / BUS,1763,2399
1090,01/17/2021,CHRISTOPHER ST,671,820
1091,01/17/2021,9TH STREET,783,1076
1092,01/17/2021,14TH STREET,1352,1667
1093,01/17/2021,TWENTY THIRD ST,730,1050
1094,01/17/2021,THIRTY ST,993,300
1095,01/17/2021,LACKAWANNA,477,614
1096,01/17/2021,THIRTY THIRD ST,2558,2382
1097,01/17/2021,NEWARK BM BW,2205,296
1098,01/17/2021,NEWARK C,277,189
1099,01/17/2021,NEWARK HM HE,0,2774
1100,01/17/2021,PATH WTC 2,442,1902
1101,01/17/2021,PATH NEW WTC,4932,4431
1102,01/18/2021,NEWARK HW BMEBE,498,1183
1103,01/18/2021,HARRISON,1521,1762
1104,01/18/2021,JOURNAL SQUARE,6424,5636
1105,01/18/2021,GROVE STREET,3089,3477
1106,01/18/2021,EXCHANGE PLACE,1885,2347
1107,01/18/2021,PAVONIA/NEWPORT,2066,2374
1108,01/18/2021,CITY / BUS,2175,2626
1109,01/18/2021,CHRISTOPHER ST,775,946
1110,01/18/2021,9TH STREET,801,1111
1111,01/18/2021,14TH STREET,1494,2224
1112,01/18/2021,TWENTY THIRD ST,1116,1489
1113,01/18/2021,THIRTY ST,1978,1226
1114,01/18/2021,LACKAWANNA,635,750
1115,01/18/2021,THIRTY THIRD ST,3381,4543
1116,01/18/2021,NEWARK BM BW,4101,274
1117,01/18/2021,NEWARK C,660,219
1118,01/18/2021,NEWARK HM HE,1,4335
1119,01/18/2021,PATH WTC 2,819,2880
1120,01/18/2021,PATH NEW WTC,7980,7828
1121,01/19/2021,NEWARK HW BMEBE,939,1493
1122,01/19/2021,HARRISON,2017,2421
1123,01/19/2021,JOURNAL SQUARE,8506,6952
1124,01/19/2021,GROVE STREET,3825,4210
1125,01/19/2021,EXCHANGE PLACE,2632,3190
1126,01/19/2021,PAVONIA/NEWPORT,2488,3041
1127,01/19/2021,CITY / BUS,2863,3095
1128,01/19/2021,CHRISTOPHER ST,944,1052
1129,01/19/2021,9TH STREET,853,1139
1130,01/19/2021,14TH STREET,1967,2570
1131,01/19/2021,TWENTY THIRD ST,1644,2207
1132,01/19/2021,THIRTY ST,2615,2295
1133,01/19/2021,LACKAWANNA,1339,1590
1134,01/19/2021,THIRTY THIRD ST,4488,3650
1135,01/19/2021,NEWARK BM BW,5125,331
1136,01/19/2021,NEWARK C,926,293
1137,01/19/2021,NEWARK HM HE,0,5734
1138,01/19/2021,PATH WTC 2,1157,3097
1139,01/19/2021,PATH NEW WTC,11292,11334
1140,01/20/2021,NEWARK HW BMEBE,839,1446
1141,01/20/2021,HARRISON,1926,2209
1142,01/20/2021,JOURNAL SQUARE,8159,6652
1143,01/20/2021,GROVE STREET,3555,4023
1144,01/20/2021,EXCHANGE PLACE,2507,3006
1145,01/20/2021,PAVONIA/NEWPORT,2227,2823
1146,01/20/2021,CITY / BUS,2601,3062
1147,01/20/2021,CHRISTOPHER ST,832,897
1148,01/20/2021,9TH STREET,736,1042
1149,01/20/2021,14TH STREET,1857,2463
1150,01/20/2021,TWENTY THIRD ST,1557,2053
1151,01/20/2021,THIRTY ST,2400,2146
1152,01/20/2021,LACKAWANNA,1267,1439
1153,01/20/2021,THIRTY THIRD ST,3980,3179
1154,01/20/2021,NEWARK BM BW,4750,238
1155,01/20/2021,NEWARK C,990,160
1156,01/20/2021,NEWARK HM HE,88,5672
1157,01/20/2021,PATH WTC 2,1029,3103
1158,01/20/2021,PATH NEW WTC,11072,10760
1159,01/21/2021,NEWARK HW BMEBE,977,1542
1160,01/21/2021,HARRISON,2030,2350
1161,01/21/2021,JOURNAL SQUARE,8502,6655
1162,01/21/2021,GROVE STREET,4036,4447
1163,01/21/2021,EXCHANGE PLACE,2720,3196
1164,01/21/2021,PAVONIA/NEWPORT,2379,2811
1165,01/21/2021,CITY / BUS,2998,3308
1166,01/21/2021,CHRISTOPHER ST,871,986
1167,01/21/2021,9TH STREET,930,1159
1168,01/21/2021,14TH STREET,2096,2598
1169,01/21/2021,TWENTY THIRD ST,1691,2146
1170,01/21/2021,THIRTY ST,2597,2239
1171,01/21/2021,LACKAWANNA,1315,1657
1172,01/21/2021,THIRTY THIRD ST,4300,3736
1173,01/21/2021,NEWARK BM BW,4824,272
1174,01/21/2021,NEWARK C,1087,208
1175,01/21/2021,NEWARK HM HE,86,6018
1176,01/21/2021,PATH WTC 2,1064,2970
1177,01/21/2021,PATH NEW WTC,11636,11734
1178,01/22/2021,NEWARK HW BMEBE,936,1508
1179,01/22/2021,HARRISON,2001,2471
1180,01/22/2021,JOURNAL SQUARE,8680,6993
1181,01/22/2021,GROVE STREET,4059,4892
1182,01/22/2021,EXCHANGE PLACE,2849,3368
1183,01/22/2021,PAVONIA/NEWPORT,2580,3260
1184,01/22/2021,CITY / BUS,3112,3654
1185,01/22/2021,CHRISTOPHER ST,1016,1165
1186,01/22/2021,9TH STREET,875,1292
1187,01/22/2021,14TH STREET,2143,2733
1188,01/22/2021,TWENTY THIRD ST,1654,2152
1189,01/22/2021,THIRTY ST,2526,2329
1190,01/22/2021,LACKAWANNA,1310,1584
1191,01/22/2021,THIRTY THIRD ST,4405,3335
1192,01/22/2021,NEWARK BM BW,5039,271
1193,01/22/2021,NEWARK C,986,158
1194,01/22/2021,NEWARK HM HE,35,6047
1195,01/22/2021,PATH WTC 2,1112,3293
1196,01/22/2021,PATH NEW WTC,11347,11587
1197,01/09/2021,NEWARK HW BMEBE,334,681
1198,01/09/2021,HARRISON,980,1181
1199,01/09/2021,JOURNAL SQUARE,5240,4865
1200,01/09/2021,GROVE STREET,2868,3540
1201,01/09/2021,EXCHANGE PLACE,1448,1932
1202,01/09/2021,PAVONIA/NEWPORT,2054,2576
1203,01/09/2021,CITY / BUS,2055,2767
1204,01/09/2021,CHRISTOPHER ST,797,912
1205,01/09/2021,9TH STREET,900,1151
1206,01/09/2021,14TH STREET,1666,2042
1207,01/09/2021,TWENTY THIRD ST,1005,1239
1208,01/09/2021,THIRTY ST,1088,195
1209,01/09/2021,LACKAWANNA,518,647
1210,01/09/2021,THIRTY THIRD ST,3416,3320
1211,01/09/2021,NEWARK BM BW,2885,269
1212,01/09/2021,NEWARK C,386,212
1213,01/09/2021,NEWARK HM HE,0,3306
1214,01/09/2021,PATH WTC 2,724,1628
1215,01/09/2021,PATH NEW WTC,5731,6514
1216,01/10/2021,NEWARK HW BMEBE,243,493
1217,01/10/2021,HARRISON,717,1092
1218,01/10/2021,JOURNAL SQUARE,4020,3613
1219,01/10/2021,GROVE STREET,2095,2529
1220,01/10/2021,EXCHANGE PLACE,1132,1611
1221,01/10/2021,PAVONIA/NEWPORT,1315,1756
1222,01/10/2021,CITY / BUS,1521,1901
1223,01/10/2021,CHRISTOPHER ST,612,710
1224,01/10/2021,9TH STREET,643,896
1225,01/10/2021,14TH STREET,1155,1499
1226,01/10/2021,TWENTY THIRD ST,677,908
1227,01/10/2021,THIRTY ST,881,1032
1228,01/10/2021,LACKAWANNA,377,564
1229,01/10/2021,THIRTY THIRD ST,2296,1464
1230,01/10/2021,NEWARK BM BW,2118,259
1231,01/10/2021,NEWARK C,264,136
1232,01/10/2021,NEWARK HM HE,4,2715
1233,01/10/2021,PATH WTC 2,599,1277
1234,01/10/2021,PATH NEW WTC,4216,4735
1235,01/11/2021,NEWARK HW BMEBE,815,1405
1236,01/11/2021,HARRISON,1907,2269
1237,01/11/2021,JOURNAL SQUARE,8147,6400
1238,01/11/2021,GROVE STREET,3448,3838
1239,01/11/2021,EXCHANGE PLACE,2287,2803
1240,01/11/2021,PAVONIA/NEWPORT,2206,2777
1241,01/11/2021,CITY / BUS,2603,3005
1242,01/11/2021,CHRISTOPHER ST,808,895
1243,01/11/2021,9TH STREET,757,1038
1244,01/11/2021,14TH STREET,1823,2439
1245,01/11/2021,TWENTY THIRD ST,1548,1984
1246,01/11/2021,THIRTY ST,2405,2359
1247,01/11/2021,LACKAWANNA,1191,1388
1248,01/11/2021,THIRTY THIRD ST,4375,3460
1249,01/11/2021,NEWARK BM BW,4595,283
1250,01/11/2021,NEWARK C,1326,212
1251,01/11/2021,NEWARK HM HE,20,5675
1252,01/11/2021,PATH WTC 2,1088,2910
1253,01/11/2021,PATH NEW WTC,10741,11106
1254,01/12/2021,NEWARK HW BMEBE,1032,1427
1255,01/12/2021,HARRISON,2050,2369
1256,01/12/2021,JOURNAL SQUARE,8501,7023
1257,01/12/2021,GROVE STREET,3741,4164
1258,01/12/2021,EXCHANGE PLACE,2384,3260
1259,01/12/2021,PAVONIA/NEWPORT,2353,2881
1260,01/12/2021,CITY / BUS,2753,3257
1261,01/12/2021,CHRISTOPHER ST,916,1019
1262,01/12/2021,9TH STREET,795,1096
1263,01/12/2021,14TH STREET,1954,2558
1264,01/12/2021,TWENTY THIRD ST,1586,2092
1265,01/12/2021,THIRTY ST,2607,2138
1266,01/12/2021,LACKAWANNA,1330,1652
1267,01/12/2021,THIRTY THIRD ST,4458,3629
1268,01/12/2021,NEWARK BM BW,4785,252
1269,01/12/2021,NEWARK C,1127,293
1270,01/12/2021,NEWARK HM HE,7,5855
1271,01/12/2021,PATH WTC 2,1133,2968
1272,01/12/2021,PATH NEW WTC,11369,11538
1273,01/13/2021,NEWARK HW BMEBE,1026,1500
1274,01/13/2021,HARRISON,2080,2334
1275,01/13/2021,JOURNAL SQUARE,8403,6989
1276,01/13/2021,GROVE STREET,3975,4283
1277,01/13/2021,EXCHANGE PLACE,2692,3141
1278,01/13/2021,PAVONIA/NEWPORT,2441,3078
1279,01/13/2021,CITY / BUS,2920,3216
1280,01/13/2021,CHRISTOPHER ST,913,1005
1281,01/13/2021,9TH STREET,809,1198
1282,01/13/2021,14TH STREET,1952,2639
1283,01/13/2021,TWENTY THIRD ST,1694,2186
1284,01/13/2021,THIRTY ST,2518,2286
1285,01/13/2021,LACKAWANNA,1270,1595
1286,01/13/2021,THIRTY THIRD ST,4450,3374
1287,01/13/2021,NEWARK BM BW,4868,263
1288,01/13/2021,NEWARK C,1042,307
1289,01/13/2021,NEWARK HM HE,1,6060
1290,01/13/2021,PATH WTC 2,1018,3283
1291,01/13/2021,PATH NEW WTC,11425,10851
1292,01/14/2021,NEWARK HW BMEBE,906,1459
1293,01/14/2021,HARRISON,2135,2450
1294,01/14/2021,JOURNAL SQUARE,8527,6780
1295,01/14/2021,GROVE STREET,4039,4353
1296,01/14/2021,EXCHANGE PLACE,2700,3238
1297,01/14/2021,PAVONIA/NEWPORT,2398,2798
1298,01/14/2021,CITY / BUS,3057,3290
1299,01/14/2021,CHRISTOPHER ST,897,1067
1300,01/14/2021,9TH STREET,903,1180
1301,01/14/2021,14TH STREET,2057,2508
1302,01/14/2021,TWENTY THIRD ST,1636,2165
1303,01/14/2021,THIRTY ST,2622,2490
1304,01/14/2021,LACKAWANNA,1307,1603
1305,01/14/2021,THIRTY THIRD ST,4443,3402
1306,01/14/2021,NEWARK BM BW,4898,301
1307,01/14/2021,NEWARK C,1136,286
1308,01/14/2021,NEWARK HM HE,2,6097
1309,01/14/2021,PATH WTC 2,1009,2999
1310,01/14/2021,PATH NEW WTC,11537,11190
1311,01/15/2021,NEWARK HW BMEBE,919,1550
1312,01/15/2021,HARRISON,1941,2404
1313,01/15/2021,JOURNAL SQUARE,8421,6778
1314,01/15/2021,GROVE STREET,3871,4389
1315,01/15/2021,EXCHANGE PLACE,2551,3135
1316,01/15/2021,PAVONIA/NEWPORT,2573,3134
1317,01/15/2021,CITY / BUS,2923,3446
1318,01/15/2021,CHRISTOPHER ST,852,1022
1319,01/15/2021,9TH STREET,878,1169
1320,01/15/2021,14TH STREET,2062,2645
1321,01/15/2021,TWENTY THIRD ST,1634,2110
1322,01/15/2021,THIRTY ST,2575,2184
1323,01/15/2021,LACKAWANNA,1144,1454
1324,01/15/2021,THIRTY THIRD ST,4433,3525
1325,01/15/2021,NEWARK BM BW,4852,289
1326,01/15/2021,NEWARK C,1090,181
1327,01/15/2021,NEWARK HM HE,2,5990
1328,01/15/2021,PATH WTC 2,1151,3031
1329,01/15/2021,PATH NEW WTC,11106,11248
1330,01/02/2021,NEWARK HW BMEBE,381,644
1331,01/02/2021,HARRISON,1048,921
1332,01/02/2021,JOURNAL SQUARE,5808,4851
1333,01/02/2021,GROVE STREET,2905,3411
1334,01/02/2021,EXCHANGE PLACE,1546,2012
1335,01/02/2021,PAVONIA/NEWPORT,2317,2735
1336,01/02/2021,CITY / BUS,2021,2240
1337,01/02/2021,CHRISTOPHER ST,676,818
1338,01/02/2021,9TH STREET,760,860
1339,01/02/2021,14TH STREET,1508,1988
1340,01/02/2021,TWENTY THIRD ST,911,1216
1341,01/02/2021,THIRTY ST,1324,786
1342,01/02/2021,LACKAWANNA,563,736
1343,01/02/2021,THIRTY THIRD ST,3710,4737
1344,01/02/2021,NEWARK BM BW,3367,308
1345,01/02/2021,NEWARK C,407,124
1346,01/02/2021,NEWARK HM HE,0,3546
1347,01/02/2021,PATH WTC 2,723,2640
1348,01/02/2021,PATH NEW WTC,5595,5915
1349,01/03/2021,NEWARK HW BMEBE,208,435
1350,01/03/2021,HARRISON,496,546
1351,01/03/2021,JOURNAL SQUARE,3381,3002
1352,01/03/2021,GROVE STREET,1386,1936
1353,01/03/2021,EXCHANGE PLACE,690,1061
1354,01/03/2021,PAVONIA/NEWPORT,989,1247
1355,01/03/2021,CITY / BUS,1002,1212
1356,01/03/2021,CHRISTOPHER ST,306,392
1357,01/03/2021,9TH STREET,401,476
1358,01/03/2021,14TH STREET,848,1233
1359,01/03/2021,TWENTY THIRD ST,471,693
1360,01/03/2021,THIRTY ST,669,454
1361,01/03/2021,LACKAWANNA,234,353
1362,01/03/2021,THIRTY THIRD ST,1737,2061
1363,01/03/2021,NEWARK BM BW,1918,236
1364,01/03/2021,NEWARK C,231,146
1365,01/03/2021,NEWARK HM HE,0,2418
1366,01/03/2021,PATH WTC 2,582,1473
1367,01/03/2021,PATH NEW WTC,3310,3209
1368,01/04/2021,NEWARK HW BMEBE,909,1449
1369,01/04/2021,HARRISON,1893,2180
1370,01/04/2021,JOURNAL SQUARE,8166,6531
1371,01/04/2021,GROVE STREET,3621,4138
1372,01/04/2021,EXCHANGE PLACE,2292,2887
1373,01/04/2021,PAVONIA/NEWPORT,2383,2851
1374,01/04/2021,CITY / BUS,2579,2912
1375,01/04/2021,CHRISTOPHER ST,756,877
1376,01/04/2021,9TH STREET,769,760
1377,01/04/2021,14TH STREET,1664,2398
1378,01/04/2021,TWENTY THIRD ST,1476,1863
1379,01/04/2021,THIRTY ST,2339,2843
1380,01/04/2021,LACKAWANNA,1221,1388
1381,01/04/2021,THIRTY THIRD ST,4322,3799
1382,01/04/2021,NEWARK BM BW,4756,203
1383,01/04/2021,NEWARK C,1067,215
1384,01/04/2021,NEWARK HM HE,0,5592
1385,01/04/2021,PATH WTC 2,949,3086
1386,01/04/2021,PATH NEW WTC,10918,10654
1387,01/05/2021,NEWARK HW BMEBE,982,1522
1388,01/05/2021,HARRISON,1927,1943
1389,01/05/2021,JOURNAL SQUARE,8451,6950
1390,01/05/2021,GROVE STREET,3644,3989
1391,01/05/2021,EXCHANGE PLACE,2408,3108
1392,01/05/2021,PAVONIA/NEWPORT,2332,2909
1393,01/05/2021,CITY / BUS,2743,3034
1394,01/05/2021,CHRISTOPHER ST,853,967
1395,01/05/2021,9TH STREET,715,804
1396,01/05/2021,14TH STREET,1943,2471
1397,01/05/2021,TWENTY THIRD ST,1639,2105
1398,01/05/2021,THIRTY ST,2508,2755
1399,01/05/2021,LACKAWANNA,1227,1551
1400,01/05/2021,THIRTY THIRD ST,4401,3970
1401,01/05/2021,NEWARK BM BW,4993,296
1402,01/05/2021,NEWARK C,1041,293
1403,01/05/2021,NEWARK HM HE,0,5870
1404,01/05/2021,PATH WTC 2,1119,3189
1405,01/05/2021,PATH NEW WTC,11181,10748
1406,01/06/2021,NEWARK HW BMEBE,905,1522
1407,01/06/2021,HARRISON,2047,1538
1408,01/06/2021,JOURNAL SQUARE,8354,6815
1409,01/06/2021,GROVE STREET,3724,4086
1410,01/06/2021,EXCHANGE PLACE,2385,3145
1411,01/06/2021,PAVONIA/NEWPORT,2392,2951
1412,01/06/2021,CITY / BUS,2760,2998
1413,01/06/2021,CHRISTOPHER ST,918,1005
1414,01/06/2021,9TH STREET,776,1051
1415,01/06/2021,14TH STREET,1885,2450
1416,01/06/2021,TWENTY THIRD ST,1618,2052
1417,01/06/2021,THIRTY ST,2555,2979
1418,01/06/2021,LACKAWANNA,1235,1516
1419,01/06/2021,THIRTY THIRD ST,4356,3831
1420,01/06/2021,NEWARK BM BW,4931,222
1421,01/06/2021,NEWARK C,1033,261
1422,01/06/2021,NEWARK HM HE,0,5807
1423,01/06/2021,PATH WTC 2,1090,2951
1424,01/06/2021,PATH NEW WTC,11404,11312
1425,01/07/2021,NEWARK HW BMEBE,963,1544
1426,01/07/2021,HARRISON,1973,1834
1427,01/07/2021,JOURNAL SQUARE,8268,6659
1428,01/07/2021,GROVE STREET,3837,4170
1429,01/07/2021,EXCHANGE PLACE,2367,2966
1430,01/07/2021,PAVONIA/NEWPORT,2255,2688
1431,01/07/2021,CITY / BUS,2848,3127
1432,01/07/2021,CHRISTOPHER ST,810,956
1433,01/07/2021,9TH STREET,833,1080
1434,01/07/2021,14TH STREET,2027,2466
1435,01/07/2021,TWENTY THIRD ST,1630,2072
1436,01/07/2021,THIRTY ST,2476,3100
1437,01/07/2021,LACKAWANNA,1223,1530
1438,01/07/2021,THIRTY THIRD ST,4260,3699
1439,01/07/2021,NEWARK BM BW,4811,257
1440,01/07/2021,NEWARK C,1040,255
1441,01/07/2021,NEWARK HM HE,0,5978
1442,01/07/2021,PATH WTC 2,946,2789
1443,01/07/2021,PATH NEW WTC,11207,11083
1444,01/08/2021,NEWARK HW BMEBE,974,1470
1445,01/08/2021,HARRISON,1962,2333
1446,01/08/2021,JOURNAL SQUARE,8466,6845
1447,01/08/2021,GROVE STREET,3843,4148
1448,01/08/2021,EXCHANGE PLACE,2382,2994
1449,01/08/2021,PAVONIA/NEWPORT,2567,3107
1450,01/08/2021,CITY / BUS,2850,3236
1451,01/08/2021,CHRISTOPHER ST,911,999
1452,01/08/2021,9TH STREET,828,1214
1453,01/08/2021,14TH STREET,1948,2616
1454,01/08/2021,TWENTY THIRD ST,1501,2059
1455,01/08/2021,THIRTY ST,2443,2720
1456,01/08/2021,LACKAWANNA,1133,1420
1457,01/08/2021,THIRTY THIRD ST,4198,3330
1458,01/08/2021,NEWARK BM BW,4912,254
1459,01/08/2021,NEWARK C,973,178
1460,01/08/2021,NEWARK HM HE,0,5700
1461,01/08/2021,PATH WTC 2,1130,3189
1462,01/08/2021,PATH NEW WTC,11034,10606
1463,12/26/2020,NEWARK HW BMEBE,344,518
1464,12/26/2020,HARRISON,939,1014
1465,12/26/2020,JOURNAL SQUARE,5212,4346
1466,12/26/2020,GROVE STREET,2190,2805
1467,12/26/2020,EXCHANGE PLACE,1222,1616
1468,12/26/2020,PAVONIA/NEWPORT,2042,2612
1469,12/26/2020,CITY / BUS,1246,1512
1470,12/26/2020,CHRISTOPHER ST,452,608
1471,12/26/2020,9TH STREET,487,855
1472,12/26/2020,14TH STREET,1145,1651
1473,12/26/2020,TWENTY THIRD ST,725,1097
1474,12/26/2020,THIRTY ST,794,499
1475,12/26/2020,LACKAWANNA,398,499
1476,12/26/2020,THIRTY THIRD ST,3559,2090
1477,12/26/2020,NEWARK BM BW,2827,303
1478,12/26/2020,NEWARK C,326,134
1479,12/26/2020,NEWARK HM HE,0,2567
1480,12/26/2020,PATH WTC 2,637,2055
1481,12/26/2020,PATH NEW WTC,5020,5193
1482,12/27/2020,NEWARK HW BMEBE,239,526
1483,12/27/2020,HARRISON,767,904
1484,12/27/2020,JOURNAL SQUARE,4039,3676
1485,12/27/2020,GROVE STREET,1934,2476
1486,12/27/2020,EXCHANGE PLACE,1076,1425
1487,12/27/2020,PAVONIA/NEWPORT,1452,1751
1488,12/27/2020,CITY / BUS,1215,1483
1489,12/27/2020,CHRISTOPHER ST,457,537
1490,12/27/2020,9TH STREET,500,822
1491,12/27/2020,14TH STREET,927,1416
1492,12/27/2020,TWENTY THIRD ST,608,869
1493,12/27/2020,THIRTY ST,806,555
1494,12/27/2020,LACKAWANNA,403,489
1495,12/27/2020,THIRTY THIRD ST,2480,3236
1496,12/27/2020,NEWARK BM BW,2556,383
1497,12/27/2020,NEWARK C,314,138
1498,12/27/2020,NEWARK HM HE,0,2269
1499,12/27/2020,PATH WTC 2,687,2005
1500,12/27/2020,PATH NEW WTC,4031,4292
1501,12/28/2020,NEWARK HW BMEBE,908,1327
1502,12/28/2020,HARRISON,1967,2323
1503,12/28/2020,JOURNAL SQUARE,7968,5980
1504,12/28/2020,GROVE STREET,3454,4066
1505,12/28/2020,EXCHANGE PLACE,2238,2821
1506,12/28/2020,PAVONIA/NEWPORT,2652,3263
1507,12/28/2020,CITY / BUS,2504,2790
1508,12/28/2020,CHRISTOPHER ST,755,904
1509,12/28/2020,9TH STREET,790,1071
1510,12/28/2020,14TH STREET,1736,2494
1511,12/28/2020,TWENTY THIRD ST,1342,1846
1512,12/28/2020,THIRTY ST,2420,3151
1513,12/28/2020,LACKAWANNA,1110,1263
1514,12/28/2020,THIRTY THIRD ST,4478,3181
1515,12/28/2020,NEWARK BM BW,4930,357
1516,12/28/2020,NEWARK C,1001,219
1517,12/28/2020,NEWARK HM HE,0,4515
1518,12/28/2020,PATH WTC 2,890,3258
1519,12/28/2020,PATH NEW WTC,10325,10820
1520,12/29/2020,NEWARK HW BMEBE,905,1338
1521,12/29/2020,HARRISON,1964,1995
1522,12/29/2020,JOURNAL SQUARE,8274,6312
1523,12/29/2020,GROVE STREET,3605,4279
1524,12/29/2020,EXCHANGE PLACE,2345,3025
1525,12/29/2020,PAVONIA/NEWPORT,2714,3370
1526,12/29/2020,CITY / BUS,2523,2842
1527,12/29/2020,CHRISTOPHER ST,825,923
1528,12/29/2020,9TH STREET,780,1110
1529,12/29/2020,14TH STREET,1848,2413
1530,12/29/2020,TWENTY THIRD ST,1434,1858
1531,12/29/2020,THIRTY ST,2363,3129
1532,12/29/2020,LACKAWANNA,1104,1379
1533,12/29/2020,THIRTY THIRD ST,4499,3418
1534,12/29/2020,NEWARK BM BW,4777,313
1535,12/29/2020,NEWARK C,894,298
1536,12/29/2020,NEWARK HM HE,0,4374
1537,12/29/2020,PATH WTC 2,1113,3124
1538,12/29/2020,PATH NEW WTC,10596,11239
1539,12/30/2020,NEWARK HW BMEBE,954,968
1540,12/30/2020,HARRISON,1959,2202
1541,12/30/2020,JOURNAL SQUARE,8340,6432
1542,12/30/2020,GROVE STREET,3827,4422
1543,12/30/2020,EXCHANGE PLACE,2395,2996
1544,12/30/2020,PAVONIA/NEWPORT,2863,3586
1545,12/30/2020,CITY / BUS,2701,3096
1546,12/30/2020,CHRISTOPHER ST,873,951
1547,12/30/2020,9TH STREET,802,1111
1548,12/30/2020,14TH STREET,1916,2526
1549,12/30/2020,TWENTY THIRD ST,1503,1940
1550,12/30/2020,THIRTY ST,2606,3530
1551,12/30/2020,LACKAWANNA,1072,1268
1552,12/30/2020,THIRTY THIRD ST,4566,3041
1553,12/30/2020,NEWARK BM BW,4814,444
1554,12/30/2020,NEWARK C,971,266
1555,12/30/2020,NEWARK HM HE,0,2770
1556,12/30/2020,PATH WTC 2,1120,3396
1557,12/30/2020,PATH NEW WTC,10493,11097
1558,12/31/2020,NEWARK HW BMEBE,1009,990
1559,12/31/2020,HARRISON,1419,1733
1560,12/31/2020,JOURNAL SQUARE,7105,5674
1561,12/31/2020,GROVE STREET,2944,3609
1562,12/31/2020,EXCHANGE PLACE,1887,2352
1563,12/31/2020,PAVONIA/NEWPORT,2279,2709
1564,12/31/2020,CITY / BUS,1898,2399
1565,12/31/2020,CHRISTOPHER ST,632,731
1566,12/31/2020,9TH STREET,680,985
1567,12/31/2020,14TH STREET,1608,1929
1568,12/31/2020,TWENTY THIRD ST,1085,1404
1569,12/31/2020,THIRTY ST,1958,2773
1570,12/31/2020,LACKAWANNA,738,987
1571,12/31/2020,THIRTY THIRD ST,3466,2800
1572,12/31/2020,NEWARK BM BW,3961,307
1573,12/31/2020,NEWARK C,690,243
1574,12/31/2020,PATH WTC 2,895,2718
1575,12/31/2020,PATH NEW WTC,8471,9038
1576,01/01/2021,NEWARK HW BMEBE,236,464
1577,01/01/2021,HARRISON,552,669
1578,01/01/2021,JOURNAL SQUARE,3420,3626
1579,01/01/2021,GROVE STREET,1412,1961
1580,01/01/2021,EXCHANGE PLACE,962,1278
1581,01/01/2021,PAVONIA/NEWPORT,1242,1584
1582,01/01/2021,CITY / BUS,990,1058
1583,01/01/2021,CHRISTOPHER ST,342,479
1584,01/01/2021,9TH STREET,381,428
1585,01/01/2021,14TH STREET,749,1130
1586,01/01/2021,TWENTY THIRD ST,424,682
1587,01/01/2021,THIRTY ST,848,475
1588,01/01/2021,LACKAWANNA,270,332
1589,01/01/2021,THIRTY THIRD ST,2030,2736
1590,01/01/2021,NEWARK BM BW,1889,249
1591,01/01/2021,NEWARK C,269,198
1592,01/01/2021,NEWARK HM HE,0,2496
1593,01/01/2021,PATH WTC 2,564,1579
1594,01/01/2021,PATH NEW WTC,3652,3821
1595,03/20/2021,NEWARK HW BMEBE,467,838
1596,03/20/2021,HARRISON,1416,1180
1597,03/20/2021,JOURNAL SQUARE,6632,5723
1598,03/20/2021,GROVE STREET,4132,4480
1599,03/20/2021,EXCHANGE PLACE,2268,2590
1600,03/20/2021,PAVONIA/NEWPORT,3057,3107
1601,03/20/2021,CITY / BUS,3313,3898
1602,03/20/2021,CHRISTOPHER ST,1116,1691
1603,03/20/2021,9TH STREET,1411,1918
1604,03/20/2021,14TH STREET,2197,2566
1605,03/20/2021,TWENTY THIRD ST,1233,1739
1606,03/20/2021,THIRTY ST,1577,2433
1607,03/20/2021,LACKAWANNA,822,913
1608,03/20/2021,THIRTY THIRD ST,3773,3015
1609,03/20/2021,NEWARK BM BW,4187,385
1610,03/20/2021,NEWARK C,405,215
1611,03/20/2021,NEWARK HM HE,0,3848
1612,03/20/2021,PATH WTC 2,964,1931
1613,03/20/2021,PATH NEW WTC,7239,8833
1614,03/21/2021,NEWARK HW BMEBE,259,659
1615,03/21/2021,HARRISON,1035,1169
1616,03/21/2021,JOURNAL SQUARE,5200,4872
1617,03/21/2021,GROVE STREET,3106,3674
1618,03/21/2021,EXCHANGE PLACE,1704,2082
1619,03/21/2021,PAVONIA/NEWPORT,2261,2621
1620,03/21/2021,CITY / BUS,2268,2570
1621,03/21/2021,CHRISTOPHER ST,1062,1279
1622,03/21/2021,9TH STREET,1132,1417
1623,03/21/2021,14TH STREET,1484,2155
1624,03/21/2021,TWENTY THIRD ST,820,1212
1625,03/21/2021,THIRTY ST,1172,1657
1626,03/21/2021,LACKAWANNA,669,875
1627,03/21/2021,THIRTY THIRD ST,3007,2080
1628,03/21/2021,NEWARK BM BW,3173,305
1629,03/21/2021,NEWARK C,260,201
1630,03/21/2021,NEWARK HM HE,0,3225
1631,03/21/2021,PATH WTC 2,687,1448
1632,03/21/2021,PATH NEW WTC,5622,6434
1633,03/22/2021,NEWARK HW BMEBE,975,1592
1634,03/22/2021,HARRISON,2212,1951
1635,03/22/2021,JOURNAL SQUARE,9119,7043
1636,03/22/2021,GROVE STREET,4360,5030
1637,03/22/2021,EXCHANGE PLACE,2965,3465
1638,03/22/2021,PAVONIA/NEWPORT,2602,3050
1639,03/22/2021,CITY / BUS,3145,3384
1640,03/22/2021,CHRISTOPHER ST,1004,1087
1641,03/22/2021,9TH STREET,915,1345
1642,03/22/2021,14TH STREET,2189,2782
1643,03/22/2021,TWENTY THIRD ST,1691,2177
1644,03/22/2021,THIRTY ST,2763,2916
1645,03/22/2021,LACKAWANNA,1447,1699
1646,03/22/2021,THIRTY THIRD ST,4718,4088
1647,03/22/2021,NEWARK BM BW,5619,808
1648,03/22/2021,NEWARK C,1107,689
1649,03/22/2021,NEWARK HM HE,74,5407
1650,03/22/2021,PATH WTC 2,1089,3099
1651,03/22/2021,PATH NEW WTC,12547,12652
1652,03/23/2021,NEWARK HW BMEBE,1034,1605
1653,03/23/2021,HARRISON,2296,2474
1654,03/23/2021,JOURNAL SQUARE,9358,7114
1655,03/23/2021,GROVE STREET,4623,5007
1656,03/23/2021,EXCHANGE PLACE,2932,3593
1657,03/23/2021,PAVONIA/NEWPORT,2780,3267
1658,03/23/2021,CITY / BUS,3396,3691
1659,03/23/2021,CHRISTOPHER ST,1074,1245
1660,03/23/2021,9TH STREET,1064,1347
1661,03/23/2021,14TH STREET,2342,2933
1662,03/23/2021,TWENTY THIRD ST,1868,2517
1663,03/23/2021,THIRTY ST,2677,3100
1664,03/23/2021,LACKAWANNA,1608,1863
1665,03/23/2021,THIRTY THIRD ST,4737,4250
1666,03/23/2021,NEWARK BM BW,5709,798
1667,03/23/2021,NEWARK C,1245,581
1668,03/23/2021,NEWARK HM HE,0,5599
1669,03/23/2021,PATH WTC 2,1300,3421
1670,03/23/2021,PATH NEW WTC,13082,13178
1671,03/24/2021,NEWARK HW BMEBE,948,1775
1672,03/24/2021,HARRISON,2143,2153
1673,03/24/2021,JOURNAL SQUARE,8757,6852
1674,03/24/2021,GROVE STREET,4254,4854
1675,03/24/2021,EXCHANGE PLACE,2747,3482
1676,03/24/2021,PAVONIA/NEWPORT,2649,3189
1677,03/24/2021,CITY / BUS,3130,3298
1678,03/24/2021,CHRISTOPHER ST,824,991
1679,03/24/2021,9TH STREET,910,1231
1680,03/24/2021,14TH STREET,2023,2821
1681,03/24/2021,TWENTY THIRD ST,1836,2355
1682,03/24/2021,THIRTY ST,2655,2821
1683,03/24/2021,LACKAWANNA,1455,1703
1684,03/24/2021,THIRTY THIRD ST,4690,4068
1685,03/24/2021,NEWARK BM BW,4339,268
1686,03/24/2021,NEWARK C,993,124
1687,03/24/2021,NEWARK HM HE,1220,5778
1688,03/24/2021,PATH WTC 2,1240,3278
1689,03/24/2021,PATH NEW WTC,12277,12164
1690,03/25/2021,NEWARK HW BMEBE,1009,1686
1691,03/25/2021,HARRISON,2516,3121
1692,03/25/2021,JOURNAL SQUARE,9611,7053
1693,03/25/2021,GROVE STREET,4898,5584
1694,03/25/2021,EXCHANGE PLACE,3058,3552
1695,03/25/2021,PAVONIA/NEWPORT,2908,3500
1696,03/25/2021,CITY / BUS,3638,3653
1697,03/25/2021,CHRISTOPHER ST,1186,1437
1698,03/25/2021,9TH STREET,1104,1576
1699,03/25/2021,14TH STREET,2412,3126
1700,03/25/2021,TWENTY THIRD ST,1747,2462
1701,03/25/2021,THIRTY ST,3028,3119
1702,03/25/2021,LACKAWANNA,1641,1860
1703,03/25/2021,THIRTY THIRD ST,4979,4245
1704,03/25/2021,NEWARK BM BW,4849,321
1705,03/25/2021,NEWARK C,1347,206
1706,03/25/2021,NEWARK HM HE,0,5341
1707,03/25/2021,PATH WTC 2,1164,3354
1708,03/25/2021,PATH NEW WTC,12773,12779
1709,03/26/2021,NEWARK HW BMEBE,1076,1487
1710,03/26/2021,HARRISON,2343,2492
1711,03/26/2021,JOURNAL SQUARE,9512,6862
1712,03/26/2021,GROVE STREET,5175,5698
1713,03/26/2021,EXCHANGE PLACE,3109,4079
1714,03/26/2021,PAVONIA/NEWPORT,3278,3491
1715,03/26/2021,CITY / BUS,3714,3523
1716,03/26/2021,CHRISTOPHER ST,1055,1589
1717,03/26/2021,9TH STREET,1011,1753
1718,03/26/2021,14TH STREET,1958,3028
1719,03/26/2021,TWENTY THIRD ST,1549,2622
1720,03/26/2021,THIRTY ST,2362,3022
1721,03/26/2021,LACKAWANNA,1527,1719
1722,03/26/2021,THIRTY THIRD ST,3939,3961
1723,03/26/2021,NEWARK BM BW,5610,385
1724,03/26/2021,NEWARK C,1174,302
1725,03/26/2021,NEWARK HM HE,0,6147
1726,03/26/2021,PATH WTC 2,1421,3784
1727,03/26/2021,PATH NEW WTC,14400,13972
